日期,成交笔数,开盘持仓,收盘持仓,成交额,手续费,滑点,交易盈亏,持仓盈亏,总盈亏,净盈亏,收益走势
2020/1/11,0,0,0,0,0,0,0,0,0,0,0
2020/1/12,1,0,0.069060773,1003.25,0.4,0,-1.93,0,-1.93,-2.34,-2.34
2020/1/13,0,0.069060773,0.069060773,0,0,0,0,-15.06,-15.06,-15.06,-17.4
2020/1/14,0,0.069060773,0.069060773,0,0,0,0,91.64,91.64,91.64,74.24
2020/1/15,0,0.069060773,0.069060773,0,0,0,0,45.17,45.17,45.17,119.41
2020/1/16,0,0.069060773,0.069060773,0,0,0,0,0.69,0.69,0.69,120.1
2020/1/17,0,0.069060773,0.069060773,0,0,0,0,39.92,39.92,39.92,160.02
2020/1/18,0,0.069060773,0.069060773,0,0,0,0,49.59,49.59,49.59,209.61
2020/1/19,2,0.069060773,-0.049640633,1982.08,0.79,0,23.98,-74.03,-50.06,-50.85,158.76
2020/1/20,0,-0.049640633,-0.049640633,0,0,0,0,-10.28,-10.28,-10.28,148.48
2020/1/21,0,-0.049640633,-0.049640633,0,0,0,0,-6.16,-6.16,-6.16,142.32
2020/1/22,2,-0.049640633,0.068681558,2009.11,0.8,0,-26.15,3.38,-22.77,-23.58,118.74
2020/1/23,2,0.068681558,-0.053135959,1993.42,0.8,0,4.39,-29.6,-25.22,-26.01,92.73
2020/1/24,0,-0.053135959,-0.053135959,0,0,0,0,2.98,2.98,2.98,95.71
2020/1/25,0,-0.053135959,-0.053135959,0,0,0,0,11.32,11.32,11.32,107.03
2020/1/26,2,-0.053135959,0.069683987,2006.26,0.8,0,1.11,-15.14,-14.04,-14.84,92.19
2020/1/27,0,0.069683987,0.069683987,0,0,0,0,46.41,46.41,46.41,138.6
2020/1/28,0,0.069683987,0.069683987,0,0,0,0,17.28,17.28,17.28,155.88
2020/1/29,0,0.069683987,0.069683987,0,0,0,0,19.3,19.3,19.3,175.18
2020/1/30,0,0.069683987,0.069683987,0,0,0,0,16.72,16.72,16.72,191.9
2020/1/31,0,0.069683987,0.069683987,0,0,0,0,17.07,17.07,17.07,208.97
2020/2/1,0,0.069683987,0.069683987,0,0,0,0,10.1,10.1,10.1,219.07
2020/2/2,0,0.069683987,0.069683987,0,0,0,0,76.72,76.72,76.72,295.79
2020/2/3,0,0.069683987,0.069683987,0,0,0,0,-34.7,-34.7,-34.7,261.09
2020/2/4,0,0.069683987,0.069683987,0,0,0,0,5.64,5.64,5.64,266.73
2020/2/5,0,0.069683987,0.069683987,0,0,0,0,74.14,74.14,74.14,340.87
2020/2/6,0,0.069683987,0.069683987,0,0,0,0,93.79,93.79,93.79,434.66
2020/2/7,0,0.069683987,0.069683987,0,0,0,0,63.97,63.97,63.97,498.63
2020/2/8,0,0.069683987,0.069683987,0,0,0,0,26.62,26.62,26.62,525.25
2020/2/9,0,0.069683987,0.069683987,0,0,0,0,11.85,11.85,11.85,537.1
2020/2/10,2,0.069683987,-0.02010277,1993.09,0.8,0,-13.47,-26.55,-40.02,-40.81,496.29
2020/2/11,2,-0.02010277,0.067701252,2006.41,0.8,0,8.17,-11.98,-3.82,-4.62,491.67
2020/2/12,0,0.067701252,0.067701252,0,0,0,0,169.12,169.12,169.12,660.79
2020/2/13,0,0.067701252,0.067701252,0,0,0,0,110.62,110.62,110.62,771.41
2020/2/14,0,0.067701252,0.067701252,0,0,0,0,17.06,17.06,17.06,788.47
2020/2/15,0,0.067701252,0.067701252,0,0,0,0,7.24,7.24,7.24,795.71
2020/2/16,2,0.067701252,-0.008617149,1999.47,0.8,0,19.54,-101.01,-81.47,-82.27,713.44
2020/2/17,0,-0.008617149,-0.008617149,0,0,0,0,2.37,2.37,2.37,715.81
2020/2/18,2,-0.008617149,0.066517154,2005.48,0.8,0,52.97,-14.9,38.07,37.27,753.08
2020/2/19,0,0.066517154,0.066517154,0,0,0,0,39.44,39.44,39.44,792.52
2020/2/20,2,0.066517154,-0.006855801,1994.86,0.8,0,121.51,-163.5,-41.99,-42.79,749.73
2020/2/21,0,-0.006855801,-0.006855801,0,0,0,0,-6.9,-6.9,-6.9,742.83
2020/2/22,0,-0.006855801,-0.006855801,0,0,0,0,2.79,2.79,2.79,745.62
2020/2/23,2,-0.006855801,0.068400069,2003.46,0.8,0,31.46,-6.23,25.23,24.43,770.05
2020/2/24,0,0.068400069,0.068400069,0,0,0,0,-17.51,-17.51,-17.51,752.54
2020/2/25,2,0.068400069,-0.008354738,1994.17,0.8,0,54.8,-103.76,-48.96,-49.76,702.78
2020/2/26,0,-0.008354738,-0.008354738,0,0,0,0,21.73,21.73,21.73,724.51
2020/2/27,0,-0.008354738,-0.008354738,0,0,0,0,-3.82,-3.82,-3.82,720.69
2020/2/28,0,-0.008354738,-0.008354738,0,0,0,0,3.22,3.22,3.22,723.91
2020/2/29,0,-0.008354738,-0.008354738,0,0,0,0,2.82,2.82,2.82,726.73
2020/3/1,0,-0.008354738,-0.008354738,0,0,0,0,2.9,2.9,2.9,729.63
2020/3/2,2,-0.008354738,0.08049861,2001.42,0.8,0,28.43,-6.62,21.82,21.02,750.65
2020/3/3,0,0.08049861,0.08049861,0,0,0,0,-29.38,-29.38,-29.38,721.27
2020/3/4,0,0.08049861,0.08049861,0,0,0,0,-24.07,-24.07,-24.07,697.2
2020/3/5,0,0.08049861,0.08049861,0,0,0,0,79.61,79.61,79.61,776.81
2020/3/6,0,0.08049861,0.08049861,0,0,0,0,26,26,26,802.81
2020/3/7,0,0.08049861,0.08049861,0,0,0,0,96.36,96.36,96.36,899.17
2020/3/8,2,0.08049861,-0.002499274,1987.3,0.79,0,186.16,-240.61,-54.45,-55.24,843.93
2020/3/9,0,-0.002499274,-0.002499274,0,0,0,0,5.55,5.55,5.55,849.48
2020/3/10,2,-0.002499274,0.094710797,2003.5,0.8,0,-89.72,-0.51,-90.24,-91.04,758.44
2020/3/11,0,0.094710797,0.094710797,0,0,0,0,-45.18,-45.18,-45.18,713.26
2020/3/12,3,0.094710797,0,2170.41,0.87,0,460.3,-483.12,-22.82,-23.69,689.57
2020/3/13,0,0,0,0,0,0,0,0,0,0,689.57
2020/3/14,0,0,0,0,0,0,0,0,0,0,689.57
2020/3/15,0,0,0,0,0,0,0,0,0,0,689.57
2020/3/16,3,0,-0.090274503,3001.36,1.2,0,-44.8,0,-44.8,-46,643.57
2020/3/17,0,-0.090274503,-0.090274503,0,0,0,0,-25.55,-25.55,-25.55,618.02
2020/3/18,0,-0.090274503,-0.090274503,0,0,0,0,15.08,15.08,15.08,633.1
2020/3/19,2,-0.090274503,0.077454447,2010.06,0.8,0,137.54,-110.41,27.13,26.33,659.43
2020/3/20,0,0.077454447,0.077454447,0,0,0,0,115.17,115.17,115.17,774.6
2020/3/21,2,0.077454447,-0.079395996,1992.31,0.8,0,-92.7,-77.3,-170,-170.8,603.8
2020/3/22,0,-0.079395996,-0.079395996,0,0,0,0,39.78,39.78,39.78,643.58
2020/3/23,2,-0.079395996,0.072915329,2027.72,0.81,0,-55.44,-12.47,-67.91,-68.72,574.86
2020/3/24,0,0.072915329,0.072915329,0,0,0,0,47.47,47.47,47.47,622.33
2020/3/25,0,0.072915329,0.072915329,0,0,0,0,-4.01,-4.01,-4.01,618.32
2020/3/26,0,0.072915329,0.072915329,0,0,0,0,-6.56,-6.56,-6.56,611.76
2020/3/27,0,0.072915329,0.072915329,0,0,0,0,10.72,10.72,10.72,622.48
2020/3/28,2,0.072915329,-0.077982514,1981.14,0.79,0,49.65,-58.48,-8.83,-9.63,612.85
2020/3/29,0,-0.077982514,-0.077982514,0,0,0,0,-7.25,-7.25,-7.25,605.6
2020/3/30,2,-0.077982514,0.073578565,2001.36,0.8,0,1.36,-25.03,-23.67,-24.47,581.13
2020/3/31,0,0.073578565,0.073578565,0,0,0,0,4.12,4.12,4.12,585.25
2020/4/1,0,0.073578565,0.073578565,0,0,0,0,-12.36,-12.36,-12.36,572.89
2020/4/2,0,0.073578565,0.073578565,0,0,0,0,60.7,60.7,60.7,633.59
2020/4/3,0,0.073578565,0.073578565,0,0,0,0,15.45,15.45,15.45,649.04
2020/4/4,0,0.073578565,0.073578565,0,0,0,0,6.55,6.55,6.55,655.59
2020/4/5,0,0.073578565,0.073578565,0,0,0,0,9.71,9.71,9.71,665.3
2020/4/6,0,0.073578565,0.073578565,0,0,0,0,129.65,129.65,129.65,794.95
2020/4/7,0,0.073578565,0.073578565,0,0,0,0,57.83,57.83,57.83,852.78
2020/4/8,0,0.073578565,0.073578565,0,0,0,0,0.52,0.52,0.52,853.3
2020/4/9,0,0.073578565,0.073578565,0,0,0,0,6.25,6.25,6.25,859.55
2020/4/10,2,0.073578565,-0.047362355,1991.78,0.8,0,141.74,-125.16,16.59,15.79,875.34
2020/4/11,2,-0.047362355,0.077325924,2001.62,0.8,0,-40.4,-20.46,-60.86,-61.66,813.68
2020/4/12,0,0.077325924,0.077325924,0,0,0,0,36.42,36.42,36.42,850.1
2020/4/13,2,0.077325924,-0.049256354,1986.96,0.79,0,37.09,-61.55,-24.46,-25.26,824.84
2020/4/14,2,-0.049256354,0.075782721,2002.75,0.8,0,-3,-29.01,-32.01,-32.81,792.03
2020/4/15,2,0.075782721,-0.052496415,1989.22,0.8,0,-7.57,-32.36,-39.93,-40.72,751.31
2020/4/16,2,-0.052496415,0.074948943,2020.14,0.81,0,177.66,-88.14,89.52,88.71,840.02
2020/4/17,0,0.074948943,0.074948943,0,0,0,0,-20.46,-20.46,-20.46,819.56
2020/4/18,0,0.074948943,0.074948943,0,0,0,0,111.3,111.3,111.3,930.86
2020/4/19,0,0.074948943,0.074948943,0,0,0,0,-43.25,-43.25,-43.25,887.61
2020/4/20,0,0.074948943,0.074948943,0,0,0,0,4.42,4.42,4.42,892.03
2020/4/21,2,0.074948943,-0.040939341,1987.37,0.79,0,14.49,-68.58,-54.09,-54.89,837.14
2020/4/22,2,-0.040939341,0.073137775,2004.11,0.8,0,78.49,-50.44,28.05,27.25,864.39
2020/4/23,0,0.073137775,0.073137775,0,0,0,0,49.66,49.66,49.66,914.05
2020/4/24,0,0.073137775,0.073137775,0,0,0,0,-13.82,-13.82,-13.82,900.23
2020/4/25,0,0.073137775,0.073137775,0,0,0,0,44.03,44.03,44.03,944.26
2020/4/26,0,0.073137775,0.073137775,0,0,0,0,4.17,4.17,4.17,948.43
2020/4/27,0,0.073137775,0.073137775,0,0,0,0,-9.73,-9.73,-9.73,938.7
2020/4/28,0,0.073137775,0.073137775,0,0,0,0,21.14,21.14,21.14,959.84
2020/4/29,0,0.073137775,0.073137775,0,0,0,0,103.86,103.86,103.86,1063.7
2020/4/30,0,0.073137775,0.073137775,0,0,0,0,-12.58,-12.58,-12.58,1051.12
2020/5/1,0,0.073137775,0.073137775,0,0,0,0,14.41,14.41,14.41,1065.53
2020/5/2,0,0.073137775,0.073137775,0,0,0,0,23.18,23.18,23.18,1088.71
2020/5/3,2,0.073137775,-0.021801938,1989.37,0.8,0,12.44,-36.57,-24.13,-24.93,1063.78
2020/5/4,0,-0.021801938,-0.021801938,0,0,0,0,4.6,4.6,4.6,1068.38
2020/5/5,0,-0.021801938,-0.021801938,0,0,0,0,5.15,5.15,5.15,1073.53
2020/5/6,2,-0.021801938,0.07475578,2010.04,0.8,0,1.64,-9.99,-8.34,-9.15,1064.38
2020/5/7,2,0.07475578,-0.023708183,1997.14,0.8,0,-32.49,-16.52,-49.01,-49.81,1014.57
2020/5/8,2,-0.023708183,0.071394052,2010.08,0.8,0,2.47,-13.02,-10.54,-11.35,1003.22
2020/5/9,0,0.071394052,0.071394052,0,0,0,0,11.14,11.14,11.14,1014.36
2020/5/10,3,0.071394052,0,2453.11,0.98,0,196.81,-177.63,19.18,18.2,1032.56
2020/5/11,0,0,0,0,0,0,0,0,0,0,1032.56
2020/5/12,0,0,0,0,0,0,0,0,0,0,1032.56
2020/5/13,1,0,0.0506791,1001.17,0.4,0,2.74,0,2.74,2.34,1034.9
2020/5/14,0,0.0506791,0.0506791,0,0,0,0,21.94,21.94,21.94,1056.84
2020/5/15,0,0.0506791,0.0506791,0,0,0,0,-23.52,-23.52,-23.52,1033.32
2020/5/16,4,0.0506791,0.047018093,3982.08,1.59,0,-93.85,14.44,-79.41,-81,952.32
2020/5/17,0,0.047018093,0.047018093,0,0,0,0,38.27,38.27,38.27,990.59
2020/5/18,0,0.047018093,0.047018093,0,0,0,0,12.41,12.41,12.41,1003
2020/5/19,0,0.047018093,0.047018093,0,0,0,0,4.51,4.51,4.51,1007.51
2020/5/20,2,0.047018093,-0.047984757,1976.15,0.79,0,0.1,-20.55,-20.45,-21.24,986.27
2020/5/21,0,-0.047984757,-0.047984757,0,0,0,0,42.37,42.37,42.37,1028.64
2020/5/22,2,-0.047984757,0.049490631,2000.97,0.8,0,-1.36,-28.65,-30.01,-30.81,997.83
2020/5/23,0,0.049490631,0.049490631,0,0,0,0,12.57,12.57,12.57,1010.4
2020/5/24,2,0.049490631,-0.047615604,1977.08,0.79,0,-16.8,-11.63,-28.43,-29.22,981.18
2020/5/25,0,-0.047615604,-0.047615604,0,0,0,0,12.48,12.48,12.48,993.66
2020/5/26,0,-0.047615604,-0.047615604,0,0,0,0,24.28,24.28,24.28,1017.94
2020/5/27,2,-0.047615604,0.052269528,2008.39,0.8,0,49.04,-39.85,9.19,8.39,1026.33
2020/5/28,0,0.052269528,0.052269528,0,0,0,0,43.23,43.23,43.23,1069.56
2020/5/29,0,0.052269528,0.052269528,0,0,0,0,27.7,27.7,27.7,1097.26
2020/5/30,0,0.052269528,0.052269528,0,0,0,0,84.21,84.21,84.21,1181.47
2020/5/31,0,0.052269528,0.052269528,0,0,0,0,-9.88,-9.88,-9.88,1171.59
2020/6/1,0,0.052269528,0.052269528,0,0,0,0,22.95,22.95,22.95,1194.54
2020/6/2,2,0.052269528,-0.030320495,1902.96,0.76,0,-26.26,-23.89,-50.15,-50.91,1143.63
2020/6/3,0,-0.030320495,-0.030320495,0,0,0,0,-17.46,-17.46,-17.46,1126.17
2020/6/4,2,-0.030320495,0.052255888,2004.95,0.8,0,19.49,-17.62,1.87,1.07,1127.24
2020/6/5,0,0.052255888,0.052255888,0,0,0,0,-17.3,-17.3,-17.3,1109.94
2020/6/6,0,0.052255888,0.052255888,0,0,0,0,2.98,2.98,2.98,1112.92
2020/6/7,2,0.052255888,-0.03145414,1994.31,0.8,0,7.12,-26.28,-19.17,-19.97,1092.95
2020/6/8,2,-0.03145414,0.051841016,2009.08,0.8,0,16.16,-18.09,-1.93,-2.73,1090.22
2020/6/9,0,0.051841016,0.051841016,0,0,0,0,1.81,1.81,1.81,1092.03
2020/6/10,0,0.051841016,0.051841016,0,0,0,0,0.26,0.26,0.26,1092.29
2020/6/11,2,0.051841016,-0.031029623,1995.03,0.8,0,14.25,-23.43,-9.18,-9.98,1082.31
2020/6/12,0,-0.031029623,-0.031029623,0,0,0,0,8.53,8.53,8.53,1090.84
2020/6/13,0,-0.031029623,-0.031029623,0,0,0,0,-2.89,-2.89,-2.89,1087.95
2020/6/14,0,-0.031029623,-0.031029623,0,0,0,0,5.68,5.68,5.68,1093.63
2020/6/15,0,-0.031029623,-0.031029623,0,0,0,0,27.93,27.93,27.93,1121.56
2020/6/16,2,-0.031029623,0.054936421,2006.88,0.8,0,-3.87,-20.57,-24.44,-25.24,1096.32
2020/6/17,0,0.054936421,0.054936421,0,0,0,0,-8.08,-8.08,-8.08,1088.24
2020/6/18,3,0.054936421,0.010124051,2998.35,1.2,0,-44.11,-1.32,-45.43,-46.63,1041.61
2020/6/19,2,0.010124051,-0.077433956,1987.04,0.79,0,-33.97,-0.48,-34.45,-35.24,1006.37
2020/6/20,0,-0.077433956,-0.077433956,0,0,0,0,32.68,32.68,32.68,1039.05
2020/6/21,2,-0.077433956,0.009913732,2000.52,0.8,0,14.41,-31.59,-17.18,-17.98,1021.07
2020/6/22,4,0.009913732,0.008453383,4007.53,1.6,0,-46.84,10.73,-36.11,-37.71,983.36
2020/6/23,0,0.008453383,0.008453383,0,0,0,0,2.46,2.46,2.46,985.82
2020/6/24,2,0.008453383,-0.074293824,1991.39,0.8,0,70.67,-10.39,60.28,59.48,1045.3
2020/6/25,0,-0.074293824,-0.074293824,0,0,0,0,-11.44,-11.44,-11.44,1033.86
2020/6/26,0,-0.074293824,-0.074293824,0,0,0,0,27.27,27.27,27.27,1061.13
2020/6/27,0,-0.074293824,-0.074293824,0,0,0,0,17.98,17.98,17.98,1079.11
2020/6/28,0,-0.074293824,-0.074293824,0,0,0,0,10.48,10.48,10.48,1089.59
2020/6/29,0,-0.074293824,-0.074293824,0,0,0,0,17.16,17.16,17.16,1106.75
2020/6/30,2,-0.074293824,0.014068816,2002.12,0.8,0,-2.03,-18.57,-20.61,-21.41,1085.34
2020/7/1,0,0.014068816,0.014068816,0,0,0,0,4.29,4.29,4.29,1089.63
2020/7/2,2,0.014068816,-0.074325067,1998.76,0.8,0,9.1,-6.06,3.04,2.24,1091.87
2020/7/3,2,-0.074325067,0.01357543,2006.42,0.8,0,-11.08,-14.2,-25.27,-26.07,1065.8
2020/7/4,0,0.01357543,0.01357543,0,0,0,0,-1.49,-1.49,-1.49,1064.31
2020/7/5,2,0.01357543,-0.075266077,1988.89,0.8,0,-9.59,-1.29,-10.88,-11.68,1052.63
2020/7/6,2,-0.075266077,0.01283965,2007.93,0.8,0,95.68,-103.94,-8.26,-9.06,1043.57
2020/7/7,0,0.01283965,0.01283965,0,0,0,0,0.09,0.09,0.09,1043.66
2020/7/8,0,0.01283965,0.01283965,0,0,0,0,9.05,9.05,9.05,1052.71
2020/7/9,2,0.01283965,-0.070608425,1994.41,0.8,0,-7.84,-7.63,-15.47,-16.27,1036.44
2020/7/10,0,-0.070608425,-0.070608425,0,0,0,0,-5.15,-5.15,-5.15,1031.29
2020/7/11,0,-0.070608425,-0.070608425,0,0,0,0,7.7,7.7,7.7,1038.99
2020/7/12,3,-0.070608425,-0.029750875,2998.18,1.2,0,-32.5,13.91,-18.59,-19.79,1019.2
2020/7/13,2,-0.029750875,0.053513072,2006.24,0.8,0,16.49,-15.83,0.66,-0.14,1019.06
2020/7/14,2,0.053513072,-0.030467613,1996.14,0.8,0,-21.5,-14.34,-35.84,-36.64,982.42
2020/7/15,0,-0.030467613,-0.030467613,0,0,0,0,6.37,6.37,6.37,988.79
2020/7/16,0,-0.030467613,-0.030467613,0,0,0,0,15.45,15.45,15.45,1004.24
2020/7/17,0,-0.030467613,-0.030467613,0,0,0,0,-0.43,-0.43,-0.43,1003.81
2020/7/18,2,-0.030467613,0.054842061,2000.85,0.8,0,4.52,-5.61,-1.08,-1.88,1001.93
2020/7/19,0,0.054842061,0.054842061,0,0,0,0,-6.96,-6.96,-6.96,994.97
2020/7/20,0,0.054842061,0.054842061,0,0,0,0,22.98,22.98,22.98,1017.95
2020/7/21,3,0.054842061,0.011783442,2993.51,1.2,0,-67.21,31.86,-35.35,-36.55,981.4
2020/7/22,0,0.011783442,0.011783442,0,0,0,0,0.98,0.98,0.98,982.38
2020/7/23,0,0.011783442,0.011783442,0,0,0,0,28.14,28.14,28.14,1010.52
2020/7/24,0,0.011783442,0.011783442,0,0,0,0,11.64,11.64,11.64,1022.16
2020/7/25,0,0.011783442,0.011783442,0,0,0,0,9.4,9.4,9.4,1031.56
2020/7/26,0,0.011783442,0.011783442,0,0,0,0,29.12,29.12,29.12,1060.68
2020/7/27,0,0.011783442,0.011783442,0,0,0,0,3.02,3.02,3.02,1063.7
2020/7/28,0,0.011783442,0.011783442,0,0,0,0,10.2,10.2,10.2,1073.9
2020/7/29,0,0.011783442,0.011783442,0,0,0,0,-0.57,-0.57,-0.57,1073.33
2020/7/30,0,0.011783442,0.011783442,0,0,0,0,-2.79,-2.79,-2.79,1070.54
2020/7/31,0,0.011783442,0.011783442,0,0,0,0,30.02,30.02,30.02,1100.56
2020/8/1,0,0.011783442,0.011783442,0,0,0,0,15.68,15.68,15.68,1116.24
2020/8/2,5,0.011783442,0,4429.62,1.77,0,-111.58,11.82,-99.76,-101.53,1014.71
2020/8/3,0,0,0,0,0,0,0,0,0,0,1014.71
2020/8/4,0,0,0,0,0,0,0,0,0,0,1014.71
2020/8/5,1,0,0.025040064,1002.15,0.4,0,-11.84,0,-11.84,-12.24,1002.47
2020/8/6,0,0.025040064,0.025040064,0,0,0,0,10.72,10.72,10.72,1013.19
2020/8/7,2,0.025040064,-0.026105599,1977.55,0.79,0,4.6,-35.11,-30.5,-31.29,981.9
2020/8/8,0,-0.026105599,-0.026105599,0,0,0,0,-13.57,-13.57,-13.57,968.33
2020/8/9,0,-0.026105599,-0.026105599,0,0,0,0,10.36,10.36,10.36,978.69
2020/8/10,2,-0.026105599,0.024738412,2002.08,0.8,0,18.05,-26.99,-8.94,-9.74,968.95
2020/8/11,2,0.024738412,-0.026753568,1994.9,0.8,0,24.77,-36.39,-11.62,-12.42,956.53
2020/8/12,0,-0.026753568,-0.026753568,0,0,0,0,-7.38,-7.38,-7.38,949.15
2020/8/13,2,-0.026753568,0.02408398,2002.64,0.8,0,-4.73,-20.41,-25.14,-25.94,923.21
2020/8/14,0,0.02408398,0.02408398,0,0,0,0,106.48,106.48,106.48,1029.69
2020/8/15,0,0.02408398,0.02408398,0,0,0,0,-2.67,-2.67,-2.67,1027.02
2020/8/16,2,0.02408398,-0.022694174,1986.72,0.79,0,-27.65,-13.2,-40.84,-41.64,985.38
2020/8/17,2,-0.022694174,0.02300862,2018.01,0.81,0,4.8,-27.19,-22.39,-23.2,962.18
2020/8/18,2,0.02300862,-0.023547398,1993.39,0.8,0,35.43,-50.71,-15.28,-16.08,946.1
2020/8/19,0,-0.023547398,-0.023547398,0,0,0,0,24.75,24.75,24.75,970.85
2020/8/20,0,-0.023547398,-0.023547398,0,0,0,0,-13.16,-13.16,-13.16,957.69
2020/8/21,0,-0.023547398,-0.023547398,0,0,0,0,26.26,26.26,26.26,983.95
2020/8/22,0,-0.023547398,-0.023547398,0,0,0,0,32.68,32.68,32.68,1016.63
2020/8/23,0,-0.023547398,-0.023547398,0,0,0,0,-5.32,-5.32,-5.32,1011.31
2020/8/24,2,-0.023547398,0.026906689,2009.84,0.8,0,26.24,-25.15,1.09,0.28,1011.59
2020/8/25,2,0.026906689,-0.02422982,1998.16,0.8,0,25.52,-47.87,-22.35,-23.15,988.44
2020/8/26,0,-0.02422982,-0.02422982,0,0,0,0,-10.61,-10.61,-10.61,977.83
2020/8/27,0,-0.02422982,-0.02422982,0,0,0,0,15.05,15.05,15.05,992.88
2020/8/28,2,-0.02422982,0.027058807,2003.44,0.8,0,29.75,-30.26,-0.52,-1.32,991.56
2020/8/29,0,0.027058807,0.027058807,0,0,0,0,16.8,16.8,16.8,1008.36
2020/8/30,0,0.027058807,0.027058807,0,0,0,0,38.29,38.29,38.29,1046.65
2020/8/31,0,0.027058807,0.027058807,0,0,0,0,47.95,47.95,47.95,1094.6
2020/9/1,0,0.027058807,0.027058807,0,0,0,0,129.88,129.88,129.88,1224.48
2020/9/2,2,0.027058807,-0.017504473,1995.37,0.8,0,66.53,-134.4,-67.87,-68.67,1155.81
2020/9/3,0,-0.017504473,-0.017504473,0,0,0,0,51.01,51.01,51.01,1206.82
2020/9/4,0,-0.017504473,-0.017504473,0,0,0,0,33.98,33.98,33.98,1240.8
2020/9/5,0,-0.017504473,-0.017504473,0,0,0,0,47.09,47.09,47.09,1287.89
2020/9/6,0,-0.017504473,-0.017504473,0,0,0,0,22.84,22.84,22.84,1310.73
2020/9/7,0,-0.017504473,-0.017504473,0,0,0,0,-3.08,-3.08,-3.08,1307.65
2020/9/8,0,-0.017504473,-0.017504473,0,0,0,0,8.52,8.52,8.52,1316.17
2020/9/9,2,-0.017504473,0.039405864,2001.37,0.8,0,3.59,-19.39,-15.81,-16.61,1299.56
2020/9/10,0,0.039405864,0.039405864,0,0,0,0,72.59,72.59,72.59,1372.15
2020/9/11,0,0.039405864,0.039405864,0,0,0,0,-4.02,-4.02,-4.02,1368.13
2020/9/12,0,0.039405864,0.039405864,0,0,0,0,13,13,13,1381.13
2020/9/13,2,0.039405864,-0.015026272,1995.59,0.8,0,32.44,-48.63,-16.19,-16.98,1364.15
2020/9/14,2,-0.015026272,0.038653474,2002.79,0.8,0,52.45,-33.37,19.07,18.27,1382.42
2020/9/15,2,0.038653474,-0.016054114,1993.44,0.8,0,-9.14,-65.02,-74.15,-74.95,1307.47
2020/9/16,0,-0.016054114,-0.016054114,0,0,0,0,-7.18,-7.18,-7.18,1300.29
2020/9/17,2,-0.016054114,0.037199694,2008.2,0.8,0,15.44,-15.22,0.22,-0.58,1299.71
2020/9/18,0,0.037199694,0.037199694,0,0,0,0,7.59,7.59,7.59,1307.3
2020/9/19,0,0.037199694,0.037199694,0,0,0,0,9.19,9.19,9.19,1316.49
2020/9/20,2,0.037199694,-0.015717358,1992.43,0.8,0,31.8,-52.08,-20.28,-21.07,1295.42
2020/9/21,0,-0.015717358,-0.015717358,0,0,0,0,48.19,48.19,48.19,1343.61
2020/9/22,0,-0.015717358,-0.015717358,0,0,0,0,-1.85,-1.85,-1.85,1341.76
2020/9/23,4,-0.015717358,-0.017597182,3992.39,1.6,0,-80.5,3.98,-76.53,-78.12,1263.64
2020/9/24,2,-0.017597182,0.040713556,2006.76,0.8,0,0.58,-10.12,-9.54,-10.34,1253.3
2020/9/25,0,0.040713556,0.040713556,0,0,0,0,11.68,11.68,11.68,1264.98
2020/9/26,0,0.040713556,0.040713556,0,0,0,0,21.09,21.09,21.09,1286.07
2020/9/27,0,0.040713556,0.040713556,0,0,0,0,13.27,13.27,13.27,1299.34
2020/9/28,0,0.040713556,0.040713556,0,0,0,0,38.39,38.39,38.39,1337.73
2020/9/29,2,0.040713556,-0.015497798,1996.29,0.8,0,-0.17,-39.98,-40.15,-40.95,1296.78
2020/9/30,0,-0.015497798,-0.015497798,0,0,0,0,-2.98,-2.98,-2.98,1293.8
2020/10/1,2,-0.015497798,0.040116461,2007.17,0.8,0,0.78,-6.14,-5.36,-6.16,1287.64
2020/10/2,2,0.040116461,-0.016669456,1995.12,0.8,0,47.76,-72.69,-24.93,-25.73,1261.91
2020/10/3,0,-0.016669456,-0.016669456,0,0,0,0,-7.07,-7.07,-7.07,1254.84
2020/10/4,2,-0.016669456,0.040377237,2000.74,0.8,0,-23.96,1.08,-22.88,-23.68,1231.16
2020/10/5,0,0.040377237,0.040377237,0,0,0,0,24.67,24.67,24.67,1255.83
2020/10/6,2,0.040377237,-0.016875218,1983.63,0.79,0,-27.31,-5.61,-32.92,-33.72,1222.11
2020/10/7,0,-0.016875218,-0.016875218,0,0,0,0,18.14,18.14,18.14,1240.25
2020/10/8,2,-0.016875218,0.040718516,2006.57,0.8,0,4.72,-14.73,-10.01,-10.81,1229.44
2020/10/9,0,0.040718516,0.040718516,0,0,0,0,65.64,65.64,65.64,1295.08
2020/10/10,0,0.040718516,0.040718516,0,0,0,0,30.74,30.74,30.74,1325.82
2020/10/11,0,0.040718516,0.040718516,0,0,0,0,9.69,9.69,9.69,1335.51
2020/10/12,3,0.040718516,0.013472467,3004.47,1.2,0,-67.7,43.2,-24.5,-25.7,1309.81
2020/10/13,0,0.013472467,0.013472467,0,0,0,0,-9.05,-9.05,-9.05,1300.76
2020/10/14,0,0.013472467,0.013472467,0,0,0,0,-4.37,-4.37,-4.37,1296.39
2020/10/15,0,0.013472467,0.013472467,0,0,0,0,0.96,0.96,0.96,1297.35
2020/10/16,2,0.013472467,-0.040550925,1996.27,0.8,0,13.24,-12.88,0.36,-0.44,1296.91
2020/10/17,0,-0.040550925,-0.040550925,0,0,0,0,-2.55,-2.55,-2.55,1294.36
2020/10/18,2,-0.040550925,0.013503129,2004.22,0.8,0,26.76,-32.56,-5.81,-6.61,1287.75
2020/10/19,0,0.013503129,0.013503129,0,0,0,0,10.84,10.84,10.84,1298.59
2020/10/20,2,0.013503129,-0.039295181,1989.65,0.8,0,29.78,-16.96,12.82,12.02,1310.61
2020/10/21,2,-0.039295181,0.013531021,2002.38,0.8,0,71,-83.66,-12.66,-13.46,1297.15
2020/10/22,0,0.013531021,0.013531021,0,0,0,0,30.35,30.35,30.35,1327.5
2020/10/23,0,0.013531021,0.013531021,0,0,0,0,-3.53,-3.53,-3.53,1323.97
2020/10/24,2,0.013531021,-0.03571187,1993.5,0.8,0,-47.42,2.91,-44.51,-45.31,1278.66
2020/10/25,0,-0.03571187,-0.03571187,0,0,0,0,29.82,29.82,29.82,1308.48
2020/10/26,0,-0.03571187,-0.03571187,0,0,0,0,43.64,43.64,43.64,1352.12
2020/10/27,2,-0.03571187,0.014202029,2005.99,0.8,0,22.51,-44.68,-22.16,-22.97,1329.15
2020/10/28,2,0.014202029,-0.036739109,1994.6,0.8,0,20.83,-26.9,-6.06,-6.86,1322.29
2020/10/29,0,-0.036739109,-0.036739109,0,0,0,0,-12.01,-12.01,-12.01,1310.28
2020/10/30,0,-0.036739109,-0.036739109,0,0,0,0,31.71,31.71,31.71,1341.99
2020/10/31,2,-0.036739109,0.014549518,2003.28,0.8,0,-2.77,-29.21,-31.98,-32.78,1309.21
2020/11/1,0,0.014549518,0.014549518,0,0,0,0,-2.31,-2.31,-2.31,1306.9
2020/11/2,5,0.014549518,-0.01068565,4928.31,1.97,0,-47.51,-4.93,-52.44,-54.42,1252.48
2020/11/3,0,-0.01068565,-0.01068565,0,0,0,0,3.98,3.98,3.98,1256.46
2020/11/4,2,-0.01068565,0.040903289,2005.88,0.8,0,-27.03,-2.38,-29.42,-30.22,1226.24
2020/11/5,0,0.040903289,0.040903289,0,0,0,0,126.6,126.6,126.6,1352.84
2020/11/6,0,0.040903289,0.040903289,0,0,0,0,86.18,86.18,86.18,1439.02
2020/11/7,0,0.040903289,0.040903289,0,0,0,0,51.25,51.25,51.25,1490.27
2020/11/8,2,0.040903289,-0.005465996,1982.66,0.79,0,-124.64,25.89,-98.75,-99.54,1390.73
2020/11/9,0,-0.005465996,-0.005465996,0,0,0,0,8.99,8.99,8.99,1399.72
2020/11/10,2,-0.005465996,0.03927273,2002.68,0.8,0,-18.79,-2.96,-21.75,-22.55,1377.17
2020/11/11,0,0.03927273,0.03927273,0,0,0,0,74.38,74.38,74.38,1451.55
2020/11/12,0,0.03927273,0.03927273,0,0,0,0,-2.98,-2.98,-2.98,1448.57
2020/11/13,0,0.03927273,0.03927273,0,0,0,0,31.81,31.81,31.81,1480.38
2020/11/14,2,0.03927273,-0.004371569,1990.7,0.8,0,-12.26,-42.38,-54.64,-55.44,1424.94
2020/11/15,0,-0.004371569,-0.004371569,0,0,0,0,1.11,1.11,1.11,1426.05
2020/11/16,0,-0.004371569,-0.004371569,0,0,0,0,-1.4,-1.4,-1.4,1424.65
2020/11/17,2,-0.004371569,0.038466908,2004.67,0.8,0,26.3,-6.34,19.96,19.16,1443.81
2020/11/18,5,0.038466908,0.017004254,4943.77,1.98,0,-98.56,0.08,-98.49,-100.46,1343.35
2020/11/19,0,0.017004254,0.017004254,0,0,0,0,2.89,2.89,2.89,1346.24
2020/11/20,0,0.017004254,0.017004254,0,0,0,0,50.04,50.04,50.04,1396.28
2020/11/21,0,0.017004254,0.017004254,0,0,0,0,54.96,54.96,54.96,1451.24
2020/11/22,2,0.017004254,-0.021588649,1987.88,0.8,0,-75.87,-4.8,-80.67,-81.46,1369.78
2020/11/23,2,-0.021588649,0.014512434,2007.8,0.8,0,124.95,-120.94,4.01,3.2,1372.98
2020/11/24,0,0.014512434,0.014512434,0,0,0,0,25.12,25.12,25.12,1398.1
2020/11/25,2,0.014512434,-0.019720659,1994.08,0.8,0,-40.36,-20.01,-60.37,-61.17,1336.93
2020/11/26,0,-0.019720659,-0.019720659,0,0,0,0,169.5,169.5,169.5,1506.43
2020/11/27,0,-0.019720659,-0.019720659,0,0,0,0,23.29,23.29,23.29,1529.72
2020/11/28,2,-0.019720659,0.019057067,2002.87,0.8,0,66.08,-72.99,-6.91,-7.71,1522.01
2020/11/29,0,0.019057067,0.019057067,0,0,0,0,40.13,40.13,40.13,1562.14
2020/11/30,0,0.019057067,0.019057067,0,0,0,0,81.34,81.34,81.34,1643.48
2020/12/1,0,0.019057067,0.019057067,0,0,0,0,14.01,14.01,14.01,1657.49
2020/12/2,0,0.019057067,0.019057067,0,0,0,0,-27.88,-27.88,-27.88,1629.61
2020/12/3,0,0.019057067,0.019057067,0,0,0,0,56.58,56.58,56.58,1686.19
2020/12/4,2,0.019057067,-0.014229111,1989.65,0.8,0,35.55,-62.18,-26.63,-27.43,1658.76
2020/12/5,0,-0.014229111,-0.014229111,0,0,0,0,-7.77,-7.77,-7.77,1650.99
2020/12/6,2,-0.014229111,0.018764389,2003.96,0.8,0,-41.54,-3.23,-44.77,-45.57,1605.42
2020/12/7,0,0.018764389,0.018764389,0,0,0,0,-0.06,-0.06,-0.06,1605.36
2020/12/8,2,0.018764389,-0.015200695,1991.24,0.8,0,39.81,-37.94,1.87,1.07,1606.43
2020/12/9,0,-0.015200695,-0.015200695,0,0,0,0,9.65,9.65,9.65,1616.08
2020/12/10,0,-0.015200695,-0.015200695,0,0,0,0,15.78,15.78,15.78,1631.86
2020/12/11,0,-0.015200695,-0.015200695,0,0,0,0,5.46,5.46,5.46,1637.32
2020/12/12,0,-0.015200695,-0.015200695,0,0,0,0,-0.24,-0.24,-0.24,1637.08
2020/12/13,2,-0.015200695,0.020493194,2004.25,0.8,0,86.2,-47.55,38.65,37.85,1674.93
2020/12/14,0,0.020493194,0.020493194,0,0,0,0,-3.59,-3.59,-3.59,1671.34
2020/12/15,0,0.020493194,0.020493194,0,0,0,0,4.45,4.45,4.45,1675.79
2020/12/16,0,0.020493194,0.020493194,0,0,0,0,70.76,70.76,70.76,1746.55
2020/12/17,0,0.020493194,0.020493194,0,0,0,0,93.96,93.96,93.96,1840.51
2020/12/18,2,0.020493194,-0.010712435,1972.6,0.79,0,-19.29,-57.69,-76.97,-77.76,1762.75
2020/12/19,2,-0.010712435,0.019622769,2000.85,0.8,0,-11.16,-18.84,-30.01,-30.81,1731.94
2020/12/20,0,0.019622769,0.019622769,0,0,0,0,-2.04,-2.04,-2.04,1729.9
2020/12/21,2,0.019622769,-0.011583834,1985.93,0.79,0,68.25,-79.18,-10.93,-11.72,1718.18
2020/12/22,0,-0.011583834,-0.011583834,0,0,0,0,-14.6,-14.6,-14.6,1703.58
2020/12/23,0,-0.011583834,-0.011583834,0,0,0,0,24.59,24.59,24.59,1728.17
2020/12/24,0,-0.011583834,-0.011583834,0,0,0,0,15.65,15.65,15.65,1743.82
2020/12/25,2,-0.011583834,0.020755077,2002.33,0.8,0,-17.17,-24.89,-42.07,-42.87,1700.95
2020/12/26,0,0.020755077,0.020755077,0,0,0,0,30.95,30.95,30.95,1731.9
2020/12/27,0,0.020755077,0.020755077,0,0,0,0,147.49,147.49,147.49,1879.39
2020/12/28,0,0.020755077,0.020755077,0,0,0,0,62.56,62.56,62.56,1941.95
2020/12/29,0,0.020755077,0.020755077,0,0,0,0,-20.59,-20.59,-20.59,1921.36
2020/12/30,0,0.020755077,0.020755077,0,0,0,0,30.45,30.45,30.45,1951.81
2020/12/31,0,0.020755077,0.020755077,0,0,0,0,3.03,3.03,3.03,1954.84
2021/1/1,0,0.020755077,0.020755077,0,0,0,0,-0.25,-0.25,-0.25,1954.59
2021/1/2,3,0.020755077,0.006583995,2994.74,1.2,0,-101.87,69.55,-32.32,-33.52,1921.07
2021/1/3,0,0.006583995,0.006583995,0,0,0,0,98.88,98.88,98.88,2019.95
2021/1/4,0,0.006583995,0.006583995,0,0,0,0,79.96,79.96,79.96,2099.91
2021/1/5,0,0.006583995,0.006583995,0,0,0,0,8.42,8.42,8.42,2108.33
2021/1/6,0,0.006583995,0.006583995,0,0,0,0,59.27,59.27,59.27,2167.6
2021/1/7,0,0.006583995,0.006583995,0,0,0,0,72.25,72.25,72.25,2239.85
2021/1/8,2,0.006583995,-0.010429752,1985.35,0.79,0,-86.11,-23.85,-109.95,-110.75,2129.1
2021/1/9,0,-0.010429752,-0.010429752,0,0,0,0,-4.92,-4.92,-4.92,2124.18
2021/1/10,2,-0.010429752,0.005392908,2002.74,0.8,0,62.8,-86.77,-23.96,-24.77,2099.41
2021/1/11,2,0.005392908,-0.010971695,1980.28,0.79,0,380.56,-176.82,203.74,202.94,2302.35
2021/1/12,2,-0.010971695,0.006795817,2005.58,0.8,0,-132.94,-83.85,-216.78,-217.58,2084.77
2021/1/13,0,0.006795817,0.006795817,0,0,0,0,12.44,12.44,12.44,2097.21
2021/1/14,0,0.006795817,0.006795817,0,0,0,0,96.15,96.15,96.15,2193.36
2021/1/15,0,0.006795817,0.006795817,0,0,0,0,-48.03,-48.03,-48.03,2145.33
2021/1/16,0,0.006795817,0.006795817,0,0,0,0,94.57,94.57,94.57,2239.9
2021/1/17,0,0.006795817,0.006795817,0,0,0,0,-26.76,-26.76,-26.76,2213.14
2021/1/18,0,0.006795817,0.006795817,0,0,0,0,-0.57,-0.57,-0.57,2212.57
2021/1/19,0,0.006795817,0.006795817,0,0,0,0,119.13,119.13,119.13,2331.7
2021/1/20,2,0.006795817,-0.008714552,1984.04,0.79,0,5.29,-96.21,-90.92,-91.71,2239.99
2021/1/21,2,-0.008714552,0.00602167,2002.15,0.8,0,-249.16,75.1,-174.06,-174.86,2065.13
2021/1/22,2,0.00602167,-0.012665378,1991.55,0.8,0,-314.28,26.7,-287.58,-288.38,1776.75
2021/1/23,0,-0.012665378,-0.012665378,0,0,0,0,3.5,3.5,3.5,1780.25
2021/1/24,2,-0.012665378,0.003190775,2001.47,0.8,0,95.95,-116.04,-20.09,-20.9,1759.35
2021/1/25,0,0.003190775,0.003190775,0,0,0,0,36.13,36.13,36.13,1795.48
2021/1/26,2,0.003190775,-0.011674251,1977.41,0.79,0,77.03,-50.28,26.75,25.96,1821.44
2021/1/27,2,-0.011674251,0.00308459,2006.85,0.8,0,-115.15,-3.88,-119.02,-119.83,1701.61
2021/1/28,0,0.00308459,0.00308459,0,0,0,0,21.98,21.98,21.98,1723.59
2021/1/29,0,0.00308459,0.00308459,0,0,0,0,14.04,14.04,14.04,1737.63
2021/1/30,0,0.00308459,0.00308459,0,0,0,0,-7.97,-7.97,-7.97,1729.66
2021/1/31,2,0.00308459,-0.012007586,1981.75,0.79,0,2.2,-18.83,-16.63,-17.42,1712.24
2021/2/1,0,-0.012007586,-0.012007586,0,0,0,0,11.11,11.11,11.11,1723.35
2021/2/2,2,-0.012007586,0.003019952,2004.31,0.8,0,142.22,-151.31,-9.09,-9.89,1713.46
2021/2/3,0,0.003019952,0.003019952,0,0,0,0,52.31,52.31,52.31,1765.77
2021/2/4,0,0.003019952,0.003019952,0,0,0,0,-5.61,-5.61,-5.61,1760.16
2021/2/5,0,0.003019952,0.003019952,0,0,0,0,48.98,48.98,48.98,1809.14
2021/2/6,0,0.003019952,0.003019952,0,0,0,0,-20.57,-20.57,-20.57,1788.57
2021/2/7,2,0.003019952,-0.009413451,1995.65,0.8,0,82.58,-41.82,40.76,39.96,1828.53
2021/2/8,2,-0.009413451,0.002955285,2002.56,0.8,0,146.85,-187.45,-40.6,-41.4,1787.13
2021/2/9,0,0.002955285,0.002955285,0,0,0,0,3.93,3.93,3.93,1791.06
2021/2/10,0,0.002955285,0.002955285,0,0,0,0,-10.53,-10.53,-10.53,1780.53
2021/2/11,0,0.002955285,0.002955285,0,0,0,0,25.18,25.18,25.18,1805.71
2021/2/12,0,0.002955285,0.002955285,0,0,0,0,-3.03,-3.03,-3.03,1802.68
2021/2/13,0,0.002955285,0.002955285,0,0,0,0,8.52,8.52,8.52,1811.2
2021/2/14,0,0.002955285,0.002955285,0,0,0,0,-4.86,-4.86,-4.86,1806.34
2021/2/15,2,0.002955285,-0.008385412,1995.1,0.8,0,-60.76,2.95,-57.81,-58.61,1747.73
2021/2/16,0,-0.008385412,-0.008385412,0,0,0,0,31.08,31.08,31.08,1778.81
2021/2/17,2,-0.008385412,0.002679717,2005.67,0.8,0,0.09,-30.96,-30.87,-31.67,1747.14
2021/2/18,0,0.002679717,0.002679717,0,0,0,0,26.34,26.34,26.34,1773.48
2021/2/19,0,0.002679717,0.002679717,0,0,0,0,6,6,6,1779.48
2021/2/20,0,0.002679717,0.002679717,0,0,0,0,12.8,12.8,12.8,1792.28
2021/2/21,2,0.002679717,-0.00774879,1990.84,0.8,0,-56.79,-4.73,-61.53,-62.32,1729.96
2021/2/22,0,-0.00774879,-0.00774879,0,0,0,0,178.84,178.84,178.84,1908.8
2021/2/23,0,-0.00774879,-0.00774879,0,0,0,0,122.7,122.7,122.7,2031.5
2021/2/24,0,-0.00774879,-0.00774879,0,0,0,0,-67.98,-67.98,-67.98,1963.52
2021/2/25,0,-0.00774879,-0.00774879,0,0,0,0,26.59,26.59,26.59,1990.11
2021/2/26,0,-0.00774879,-0.00774879,0,0,0,0,73.06,73.06,73.06,2063.17
2021/2/27,0,-0.00774879,-0.00774879,0,0,0,0,61.51,61.51,61.51,2124.68
2021/2/28,3,-0.00774879,-0.00183022,3008.19,1.2,0,-229.56,105.75,-123.81,-125.01,1999.67
2021/3/1,2,-0.00183022,0.012396757,2006.23,0.8,0,203.67,-43.13,160.54,159.74,2159.41
2021/3/2,0,0.012396757,0.012396757,0,0,0,0,1.2,1.2,1.2,2160.61
2021/3/3,3,0.012396757,0.005361763,2989.55,1.2,0,-140.2,60.04,-80.16,-81.36,2079.25
2021/3/4,0,0.005361763,0.005361763,0,0,0,0,-13.79,-13.79,-13.79,2065.46
2021/3/5,2,0.005361763,-0.007837814,1996.59,0.8,0,39.64,-50.62,-10.98,-11.78,2053.68
2021/3/6,2,-0.007837814,0.005099884,2001.15,0.8,0,-2.85,-48.57,-51.42,-52.22,2001.46
2021/3/7,0,0.005099884,0.005099884,0,0,0,0,55.87,55.87,55.87,2057.33
2021/3/8,0,0.005099884,0.005099884,0,0,0,0,45.55,45.55,45.55,2102.88
2021/3/9,0,0.005099884,0.005099884,0,0,0,0,46.52,46.52,46.52,2149.4
2021/3/10,0,0.005099884,0.005099884,0,0,0,0,0,0,0,2149.4
2021/3/11,2,0.005099884,-0.006207728,1991.45,0.8,0,-41.93,-18.56,-60.49,-61.29,2088.11
2021/3/12,0,-0.006207728,-0.006207728,0,0,0,0,13.37,13.37,13.37,2101.48
2021/3/13,2,-0.006207728,0.004735526,2001.27,0.8,0,55.91,-64.04,-8.13,-8.93,2092.55
2021/3/14,0,0.004735526,0.004735526,0,0,0,0,-9.88,-9.88,-9.88,2082.67
2021/3/15,2,0.004735526,-0.006354637,1993.4,0.8,0,33.81,-43.59,-9.77,-10.57,2072.1
2021/3/16,0,-0.006354637,-0.006354637,0,0,0,0,-24.52,-24.52,-24.52,2047.58
2021/3/17,0,-0.006354637,-0.006354637,0,0,0,0,19.83,19.83,19.83,2067.41
2021/3/18,2,-0.006354637,0.004747592,2002.49,0.8,0,21.78,-31.12,-9.34,-10.14,2057.27
2021/3/19,2,0.004747592,-0.006486533,1992.02,0.8,0,-56.38,0.04,-56.35,-57.14,2000.13
2021/3/20,2,-0.006486533,0.00427605,2006.04,0.8,0,-6.91,-22.12,-29.03,-29.83,1970.3
2021/3/21,2,0.00427605,-0.006725837,1996.49,0.8,0,26.9,-28.76,-1.86,-2.66,1967.64
2021/3/22,0,-0.006725837,-0.006725837,0,0,0,0,7.06,7.06,7.06,1974.7
2021/3/23,0,-0.006725837,-0.006725837,0,0,0,0,50.22,50.22,50.22,2024.92
2021/3/24,0,-0.006725837,-0.006725837,0,0,0,0,-12.56,-12.56,-12.56,2012.36
2021/3/25,0,-0.006725837,-0.006725837,0,0,0,0,85.17,85.17,85.17,2097.53
2021/3/26,0,-0.006725837,-0.006725837,0,0,0,0,-30.39,-30.39,-30.39,2067.14
2021/3/27,2,-0.006725837,0.005241111,2003.22,0.8,0,12.17,-28.13,-15.96,-16.77,2050.37
2021/3/28,0,0.005241111,0.005241111,0,0,0,0,13.39,13.39,13.39,2063.76
2021/3/29,4,0.005241111,0.004932504,4001.65,1.6,0,-62.65,42.85,-19.8,-21.4,2042.36
2021/3/30,0,0.004932504,0.004932504,0,0,0,0,19.87,19.87,19.87,2062.23
2021/3/31,2,0.004932504,-0.006193441,1989.41,0.8,0,-69.55,9.32,-60.23,-61.03,2001.2
2021/4/1,3,-0.006193441,0.009847973,3014.75,1.21,0,106.91,-59.09,47.82,46.61,2047.81
2021/4/2,0,0.009847973,0.009847973,0,0,0,0,129.21,129.21,129.21,2177.02
2021/4/3,0,0.009847973,0.009847973,0,0,0,0,-4.91,-4.91,-4.91,2172.11
2021/4/4,2,0.009847973,-0.000128632,1996.24,0.8,0,-77.89,6.68,-71.21,-72.01,2100.1
2021/4/5,2,-0.000128632,0.009286456,2001.81,0.8,0,-6.82,-0.51,-7.33,-8.13,2091.97
2021/4/6,0,0.009286456,0.009286456,0,0,0,0,-30.7,-30.7,-30.7,2061.27
2021/4/7,2,0.009286456,-0.000581219,1988.92,0.8,0,36.88,-99.97,-63.09,-63.89,1997.38
2021/4/8,2,-0.000581219,0.009142813,2002.57,0.8,0,2.01,-4.84,-2.83,-3.63,1993.75
2021/4/9,0,0.009142813,0.009142813,0,0,0,0,1.65,1.65,1.65,1995.4
2021/4/10,0,0.009142813,0.009142813,0,0,0,0,87.36,87.36,87.36,2082.76
2021/4/11,0,0.009142813,0.009142813,0,0,0,0,-6.3,-6.3,-6.3,2076.46
2021/4/12,0,0.009142813,0.009142813,0,0,0,0,-27.34,-27.34,-27.34,2049.12
2021/4/13,0,0.009142813,0.009142813,0,0,0,0,145.43,145.43,145.43,2194.55
2021/4/14,0,0.009142813,0.009142813,0,0,0,0,64.1,64.1,64.1,2258.65
2021/4/15,0,0.009142813,0.009142813,0,0,0,0,103.06,103.06,103.06,2361.71
2021/4/16,4,0.009142813,-0.007864426,3994.68,1.6,0,-139.38,-30.31,-169.69,-171.29,2190.42
2021/4/17,0,-0.007864426,-0.007864426,0,0,0,0,66.09,66.09,66.09,2256.51
2021/4/18,0,-0.007864426,-0.007864426,0,0,0,0,158.56,158.56,158.56,2415.07
2021/4/19,0,-0.007864426,-0.007864426,0,0,0,0,38.31,38.31,38.31,2453.38
2021/4/20,2,-0.007864426,0.001346306,2004.51,0.8,0,11.03,-72.24,-61.21,-62.01,2391.37
2021/4/21,0,0.001346306,0.001346306,0,0,0,0,34.17,34.17,34.17,2425.54
2021/4/22,0,0.001346306,0.001346306,0,0,0,0,22.89,22.89,22.89,2448.43
2021/4/23,2,0.001346306,-0.006785031,1978.11,0.79,0,80.04,-37.41,42.63,41.84,2490.27
2021/4/24,0,-0.006785031,-0.006785031,0,0,0,0,56.68,56.68,56.68,2546.95
2021/4/25,2,-0.006785031,0.001773572,2002.12,0.8,0,2.88,-62.38,-59.5,-60.3,2486.65
2021/4/26,4,0.001773572,0.001097477,3996.31,1.6,0,-179.79,29.55,-150.24,-151.84,2334.81
2021/4/27,0,0.001097477,0.001097477,0,0,0,0,17.2,17.2,17.2,2352.01
2021/4/28,0,0.001097477,0.001097477,0,0,0,0,1.91,1.91,1.91,2353.92
2021/4/29,0,0.001097477,0.001097477,0,0,0,0,10.41,10.41,10.41,2364.33
2021/4/30,2,0.001097477,-0.006292032,1994.42,0.8,0,-29.4,-4.33,-33.72,-34.52,2329.81
2021/5/1,2,-0.006292032,0.000906252,2006.13,0.8,0,58.09,-81.1,-23.01,-23.81,2306
2021/5/2,0,0.000906252,0.000906252,0,0,0,0,5.75,5.75,5.75,2311.75
2021/5/3,0,0.000906252,0.000906252,0,0,0,0,21.14,21.14,21.14,2332.89
2021/5/4,0,0.000906252,0.000906252,0,0,0,0,6.32,6.32,6.32,2339.21
2021/5/5,0,0.000906252,0.000906252,0,0,0,0,7.01,7.01,7.01,2346.22
2021/5/6,0,0.000906252,0.000906252,0,0,0,0,22.19,22.19,22.19,2368.41
2021/5/7,2,0.000906252,-0.004986257,1988.4,0.8,0,-111.67,0.71,-110.97,-111.76,2256.65
2021/5/8,2,-0.004986257,0.00047515,2003.98,0.8,0,-18.06,-36.05,-54.11,-54.91,2201.74
2021/5/9,0,0.00047515,0.00047515,0,0,0,0,11.51,11.51,11.51,2213.25
2021/5/10,0,0.00047515,0.00047515,0,0,0,0,13.4,13.4,13.4,2226.65
2021/5/11,2,0.00047515,-0.004546039,1989.97,0.8,0,-30.6,-6.48,-37.09,-37.88,2188.77
2021/5/12,2,-0.004546039,0.000169363,2002.72,0.8,0,-23.9,-78.37,-102.27,-103.07,2085.7
2021/5/13,2,0.000169363,-0.004850566,1989.53,0.8,0,106.59,-7.55,99.05,98.25,2183.95
2021/5/14,2,-0.004850566,9.57E-05,2004.77,0.8,0,39.08,-184.88,-145.81,-146.61,2037.34
2021/5/15,0,9.57E-05,9.57E-05,0,0,0,0,-2.43,-2.43,-2.43,2034.91
2021/5/16,2,9.57E-05,-0.00533558,1985.28,0.79,0,10.19,-2.31,7.88,7.09,2042
2021/5/17,0,-0.00533558,-0.00533558,0,0,0,0,184.71,184.71,184.71,2226.71
2021/5/18,2,-0.00533558,0.00037057,2003.45,0.8,0,-93.64,-30.2,-123.84,-124.64,2102.07
2021/5/19,3,0.00037057,0,3423.75,1.37,0,469.07,-22.09,446.98,445.61,2547.68
2021/5/20,0,0,0,0,0,0,0,0,0,0,2547.68
2021/5/21,0,0,0,0,0,0,0,0,0,0,2547.68
2021/5/22,0,0,0,0,0,0,0,0,0,0,2547.68
2021/5/23,1,0,-0.004720054,997.43,0.4,0,88.72,0,88.72,88.32,2636
2021/5/24,2,-0.004720054,0.004667062,2007.77,0.8,0,347.33,-275.5,71.84,71.03,2707.03
2021/5/25,0,0.004667062,0.004667062,0,0,0,0,47.44,47.44,47.44,2754.47
2021/5/26,0,0.004667062,0.004667062,0,0,0,0,63.84,63.84,63.84,2818.31
2021/5/27,0,0.004667062,0.004667062,0,0,0,0,27.51,27.51,27.51,2845.82
2021/5/28,2,0.004667062,-0.002828291,1986.89,0.79,0,69.41,-115.76,-46.34,-47.14,2798.68
2021/5/29,0,-0.002828291,-0.002828291,0,0,0,0,64.78,64.78,64.78,2863.46
2021/5/30,2,-0.002828291,0.005365911,2004.45,0.8,0,-52.21,-15.07,-67.29,-68.09,2795.37
2021/5/31,0,0.005365911,0.005365911,0,0,0,0,137.09,137.09,137.09,2932.46
2021/6/1,0,0.005365911,0.005365911,0,0,0,0,-37.76,-37.76,-37.76,2894.7
2021/6/2,0,0.005365911,0.005365911,0,0,0,0,119.9,119.9,119.9,3014.6
2021/6/3,0,0.005365911,0.005365911,0,0,0,0,-0.9,-0.9,-0.9,3013.7
2021/6/4,2,0.005365911,-0.002160724,1995.55,0.8,0,-3.91,-71.28,-75.18,-75.98,2937.72
2021/6/5,2,-0.002160724,0.005012414,2001.08,0.8,0,-97.28,0.53,-96.75,-97.55,2840.17
2021/6/6,0,0.005012414,0.005012414,0,0,0,0,33.03,33.03,33.03,2873.2
2021/6/7,0,0.005012414,0.005012414,0,0,0,0,31.66,31.66,31.66,2904.86
2021/6/8,2,0.005012414,-0.002417917,1985.47,0.79,0,220.96,-204.7,16.26,15.46,2920.32
2021/6/9,2,-0.002417917,0.005407912,2009.96,0.8,0,-2.05,-46.18,-48.23,-49.04,2871.28
2021/6/10,0,0.005407912,0.005407912,0,0,0,0,-29.2,-29.2,-29.2,2842.08
2021/6/11,2,0.005407912,-0.002779415,1989.91,0.8,0,12.04,-51.91,-39.87,-40.66,2801.42
2021/6/12,0,-0.002779415,-0.002779415,0,0,0,0,6.47,6.47,6.47,2807.89
2021/6/13,0,-0.002779415,-0.002779415,0,0,0,0,11.73,11.73,11.73,2819.62
2021/6/14,2,-0.002779415,0.005583922,2005.54,0.8,0,148.64,-62.66,85.98,85.18,2904.8
2021/6/15,0,0.005583922,0.005583922,0,0,0,0,-13.78,-13.78,-13.78,2891.02
2021/6/16,2,0.005583922,-0.002465501,1995.48,0.8,0,50.75,-75.43,-24.68,-25.47,2865.55
2021/6/17,0,-0.002465501,-0.002465501,0,0,0,0,-0.01,-0.01,-0.01,2865.54
2021/6/18,0,-0.002465501,-0.002465501,0,0,0,0,49.56,49.56,49.56,2915.1
2021/6/19,0,-0.002465501,-0.002465501,0,0,0,0,-7.54,-7.54,-7.54,2907.56
2021/6/20,0,-0.002465501,-0.002465501,0,0,0,0,33.66,33.66,33.66,2941.22
2021/6/21,4,-0.002465501,-0.003381095,3998.25,1.6,0,-196.51,31.13,-165.39,-166.99,2774.23
2021/6/22,0,-0.003381095,-0.003381095,0,0,0,0,42.01,42.01,42.01,2816.24
2021/6/23,2,-0.003381095,0.006796038,2014.16,0.81,0,-4.68,-39.2,-43.88,-44.69,2771.55
2021/6/24,0,0.006796038,0.006796038,0,0,0,0,7.28,7.28,7.28,2778.83
2021/6/25,2,0.006796038,-0.003686692,1995.99,0.8,0,82.65,-108.72,-26.08,-26.88,2751.95
2021/6/26,0,-0.003686692,-0.003686692,0,0,0,0,17.4,17.4,17.4,2769.35
2021/6/27,2,-0.003686692,0.007286944,2018.76,0.81,0,3.64,-23.95,-20.3,-21.11,2748.24
2021/6/28,0,0.007286944,0.007286944,0,0,0,0,198.15,198.15,198.15,2946.39
2021/6/29,0,0.007286944,0.007286944,0,0,0,0,74.12,74.12,74.12,3020.51
2021/6/30,2,0.007286944,-0.002148131,1992.48,0.8,0,8.11,-82.66,-74.54,-75.34,2945.17
2021/7/1,2,-0.002148131,0.007132913,2010.29,0.8,0,-45.02,-3.08,-48.1,-48.9,2896.27
2021/7/2,0,0.007132913,0.007132913,0,0,0,0,4.24,4.24,4.24,2900.51
2021/7/3,0,0.007132913,0.007132913,0,0,0,0,72.09,72.09,72.09,2972.6
2021/7/4,0,0.007132913,0.007132913,0,0,0,0,75.01,75.01,75.01,3047.61
2021/7/5,2,0.007132913,-0.001712065,1974.63,0.79,0,23.43,-88.22,-64.79,-65.58,2982.03
2021/7/6,2,-0.001712065,0.007049911,2008.31,0.8,0,11.26,-16.94,-5.68,-6.48,2975.55
2021/7/7,0,0.007049911,0.007049911,0,0,0,0,26.04,26.04,26.04,3001.59
2021/7/8,2,0.007049911,-0.001764195,1990.1,0.8,0,75.03,-119.24,-44.2,-45,2956.59
2021/7/9,0,-0.001764195,-0.001764195,0,0,0,0,0.16,0.16,0.16,2956.75
2021/7/10,0,-0.001764195,-0.001764195,0,0,0,0,9.4,9.4,9.4,2966.15
2021/7/11,0,-0.001764195,-0.001764195,0,0,0,0,-4.63,-4.63,-4.63,2961.52
2021/7/12,0,-0.001764195,-0.001764195,0,0,0,0,10.22,10.22,10.22,2971.74
2021/7/13,0,-0.001764195,-0.001764195,0,0,0,0,15.7,15.7,15.7,2987.44
2021/7/14,0,-0.001764195,-0.001764195,0,0,0,0,0.49,0.49,0.49,2987.93
2021/7/15,0,-0.001764195,-0.001764195,0,0,0,0,14.42,14.42,14.42,3002.35
2021/7/16,0,-0.001764195,-0.001764195,0,0,0,0,-3.6,-3.6,-3.6,2998.75
2021/7/17,0,-0.001764195,-0.001764195,0,0,0,0,8.45,8.45,8.45,3007.2
2021/7/18,2,-0.001764195,0.008679669,2010.95,0.8,0,-37.42,-0.67,-38.09,-38.89,2968.31
2021/7/19,2,0.008679669,-0.002154567,1972.38,0.79,0,1.52,-61.23,-59.71,-60.5,2907.81
2021/7/20,0,-0.002154567,-0.002154567,0,0,0,0,3.28,3.28,3.28,2911.09
2021/7/21,2,-0.002154567,0.008639266,2001.62,0.8,0,107.12,-32.27,74.85,74.05,2985.14
2021/7/22,0,0.008639266,0.008639266,0,0,0,0,68.61,68.61,68.61,3053.75
2021/7/23,0,0.008639266,0.008639266,0,0,0,0,12.18,12.18,12.18,3065.93
2021/7/24,0,0.008639266,0.008639266,0,0,0,0,88.4,88.4,88.4,3154.33
2021/7/25,0,0.008639266,0.008639266,0,0,0,0,-10.92,-10.92,-10.92,3143.41
2021/7/26,0,0.008639266,0.008639266,0,0,0,0,177.2,177.2,177.2,3320.61
2021/7/27,2,0.008639266,-0.000469862,1981.53,0.79,0,-93.19,-55.59,-148.77,-149.56,3171.05
2021/7/28,0,-0.000469862,-0.000469862,0,0,0,0,-0.62,-0.62,-0.62,3170.43
2021/7/29,0,-0.000469862,-0.000469862,0,0,0,0,-1.46,-1.46,-1.46,3168.97
2021/7/30,2,-0.000469862,0.008077731,2014.62,0.81,0,-9.88,-1.1,-10.98,-11.78,3157.19
2021/7/31,0,0.008077731,0.008077731,0,0,0,0,90.97,90.97,90.97,3248.16
2021/8/1,0,0.008077731,0.008077731,0,0,0,0,101.77,101.77,101.77,3349.93
2021/8/2,0,0.008077731,0.008077731,0,0,0,0,39.44,39.44,39.44,3389.37
2021/8/3,4,0.008077731,-0.007780559,3991.66,1.6,0,33.62,-110.62,-77,-78.59,3310.78
2021/8/4,4,-0.007780559,0.007698186,4003.18,1.6,0,133.35,-137.33,-3.99,-5.59,3305.19
2021/8/5,0,0.007698186,0.007698186,0,0,0,0,64,64,64,3369.19
2021/8/6,0,0.007698186,0.007698186,0,0,0,0,64.25,64.25,64.25,3433.44
2021/8/7,0,0.007698186,0.007698186,0,0,0,0,188.7,188.7,188.7,3622.14
2021/8/8,0,0.007698186,0.007698186,0,0,0,0,-38.31,-38.31,-38.31,3583.83
2021/8/9,6,0.007698186,0.000434017,6001.32,2.4,0,-309.33,103.29,-206.04,-208.44,3375.39
2021/8/10,0,0.000434017,0.000434017,0,0,0,0,-1.96,-1.96,-1.96,3373.43
2021/8/11,0,0.000434017,0.000434017,0,0,0,0,5.33,5.33,5.33,3378.76
2021/8/12,2,0.000434017,-0.005991396,1998.35,0.8,0,51.41,-9.37,42.04,41.24,3420
2021/8/13,2,-0.005991396,0.000411985,2003.51,0.8,0,55.96,-111.54,-55.58,-56.38,3363.62
2021/8/14,0,0.000411985,0.000411985,0,0,0,0,2.34,2.34,2.34,3365.96
2021/8/15,2,0.000411985,-0.005829726,1991.3,0.8,0,21.06,-4.79,16.27,15.47,3381.43
2021/8/16,2,-0.005829726,0.000391675,2003.85,0.8,0,2.76,-40.09,-37.33,-38.13,3343.3
2021/8/17,0,0.000391675,0.000391675,0,0,0,0,-2.27,-2.27,-2.27,3341.03
2021/8/18,2,0.000391675,-0.006135804,1997.55,0.8,0,-33.6,-2.18,-35.79,-36.59,3304.44
2021/8/19,0,-0.006135804,-0.006135804,0,0,0,0,26.8,26.8,26.8,3331.24
2021/8/20,2,-0.006135804,0.000269546,2007.99,0.8,0,97.09,-134.02,-36.93,-37.74,3293.5
2021/8/21,0,0.000269546,0.000269546,0,0,0,0,-0.33,-0.33,-0.33,3293.17
2021/8/22,2,0.000269546,-0.005924322,1993.13,0.8,0,22.34,-2.49,19.84,19.05,3312.22
2021/8/23,2,-0.005924322,0.000261232,2003.29,0.8,0,56.3,-87.58,-31.28,-32.08,3280.14
2021/8/24,0,0.000261232,0.000261232,0,0,0,0,-2.97,-2.97,-2.97,3277.17
2021/8/25,2,0.000261232,-0.006082778,1980.46,0.79,0,-60.71,0.04,-60.67,-61.46,3215.71
2021/8/26,0,-0.006082778,-0.006082778,0,0,0,0,67.98,67.98,67.98,3283.69
2021/8/27,2,-0.006082778,0.000221279,2008.95,0.8,0,33.77,-81.88,-48.11,-48.91,3234.78
2021/8/28,0,0.000221279,0.000221279,0,0,0,0,0.17,0.17,0.17,3234.95
2021/8/29,2,0.000221279,-0.005993105,1989.25,0.8,0,8.26,-1.33,6.93,6.13,3241.08
2021/8/30,2,-0.005993105,0.000181889,2003.31,0.8,0,-14.82,-19.47,-34.29,-35.09,3205.99
2021/8/31,0,0.000181889,0.000181889,0,0,0,0,3.11,3.11,3.11,3209.1
2021/9/1,0,0.000181889,0.000181889,0,0,0,0,3.45,3.45,3.45,3212.55
2021/9/2,0,0.000181889,0.000181889,0,0,0,0,3.25,3.25,3.25,3215.8
2021/9/3,0,0.000181889,0.000181889,0,0,0,0,3.85,3.85,3.85,3219.65
2021/9/4,0,0.000181889,0.000181889,0,0,0,0,-0.9,-0.9,-0.9,3218.75
2021/9/5,2,0.000181889,-0.00500318,1996,0.8,0,-31.71,-0.21,-31.91,-32.71,3186.04
2021/9/6,2,-0.00500318,7.09E-05,2010.55,0.8,0,-16.75,-9.38,-26.13,-26.93,3159.11
2021/9/7,3,7.09E-05,0,3675.06,1.47,0,278.95,-3.39,275.56,274.09,3433.2
2021/9/8,0,0,0,0,0,0,0,0,0,0,3433.2
2021/9/9,0,0,0,0,0,0,0,0,0,0,3433.2
2021/9/10,1,0,-0.002922763,998.5,0.4,0,34.2,0,34.2,33.8,3467
2021/9/11,0,-0.002922763,-0.002922763,0,0,0,0,-3.58,-3.58,-3.58,3463.42
2021/9/12,2,-0.002922763,0.002978979,2003,0.8,0,14.25,-31.14,-16.89,-17.69,3445.73
2021/9/13,2,0.002978979,-0.003099273,1988.56,0.8,0,42.02,-64.23,-22.21,-23,3422.73
2021/9/14,2,-0.003099273,0.002896255,2002.54,0.8,0,28.9,-57.58,-28.68,-29.48,3393.25
2021/9/15,0,0.002896255,0.002896255,0,0,0,0,31.64,31.64,31.64,3424.89
2021/9/16,0,0.002896255,0.002896255,0,0,0,0,35.2,35.2,35.2,3460.09
2021/9/17,2,0.002896255,-0.002767302,1987.65,0.8,0,32.31,-48.23,-15.92,-16.72,3443.37
2021/9/18,2,-0.002767302,0.002904028,2010.79,0.8,0,-39.14,-6.65,-45.79,-46.6,3396.77
2021/9/19,2,0.002904028,-0.003036349,1995.32,0.8,0,-2.95,-32.71,-35.66,-36.46,3360.31
2021/9/20,0,-0.003036349,-0.003036349,0,0,0,0,84.26,84.26,84.26,3444.57
2021/9/21,0,-0.003036349,-0.003036349,0,0,0,0,15.32,15.32,15.32,3459.89
2021/9/22,0,-0.003036349,-0.003036349,0,0,0,0,8.85,8.85,8.85,3468.74
2021/9/23,0,-0.003036349,-0.003036349,0,0,0,0,-25.74,-25.74,-25.74,3443
2021/9/24,4,-0.003036349,-0.003354375,4003.93,1.6,0,-103.63,65.98,-37.66,-39.26,3403.74
2021/9/25,0,-0.003354375,-0.003354375,0,0,0,0,-15.63,-15.63,-15.63,3388.11
2021/9/26,2,-0.003354375,0.003440649,2033.51,0.81,0,39.66,-43.66,-4,-4.81,3383.3
2021/9/27,0,0.003440649,0.003440649,0,0,0,0,2.45,2.45,2.45,3385.75
2021/9/28,2,0.003440649,-0.003259518,1986.65,0.79,0,82.28,-74.26,8.02,7.22,3392.97
2021/9/29,2,-0.003259518,0.003596465,2010.05,0.8,0,-49.01,-5.89,-54.89,-55.7,3337.27
2021/9/30,0,0.003596465,0.003596465,0,0,0,0,44.83,44.83,44.83,3382.1
2021/10/1,0,0.003596465,0.003596465,0,0,0,0,90.27,90.27,90.27,3472.37
2021/10/2,0,0.003596465,0.003596465,0,0,0,0,54.09,54.09,54.09,3526.46
2021/10/3,0,0.003596465,0.003596465,0,0,0,0,6.27,6.27,6.27,3532.73
2021/10/4,2,0.003596465,-0.002377215,1986.16,0.79,0,1.39,-29.24,-27.84,-28.64,3504.09
2021/10/5,2,-0.002377215,0.00350654,2006.83,0.8,0,5.89,-23.36,-17.47,-18.27,3485.82
2021/10/6,0,0.00350654,0.00350654,0,0,0,0,69.09,69.09,69.09,3554.91
2021/10/7,0,0.00350654,0.00350654,0,0,0,0,-10.62,-10.62,-10.62,3544.29
2021/10/8,0,0.00350654,0.00350654,0,0,0,0,12.27,12.27,12.27,3556.56
2021/10/9,2,0.00350654,-0.002116492,1994.41,0.8,0,-31.28,-7.03,-38.31,-39.1,3517.46
2021/10/10,0,-0.002116492,-0.002116492,0,0,0,0,9.16,9.16,9.16,3526.62
2021/10/11,2,-0.002116492,0.003430912,2003.87,0.8,0,-9.16,-7.74,-16.9,-17.7,3508.92
2021/10/12,2,0.003430912,-0.002373104,1996.09,0.8,0,-38.94,-30.71,-69.65,-70.44,3438.48
2021/10/13,0,-0.002373104,-0.002373104,0,0,0,0,4.54,4.54,4.54,3443.02
2021/10/14,2,-0.002373104,0.003290276,2002.68,0.8,0,156.28,-77.13,79.15,78.35,3521.37
2021/10/15,0,0.003290276,0.003290276,0,0,0,0,-6.11,-6.11,-6.11,3515.26
2021/10/16,0,0.003290276,0.003290276,0,0,0,0,38.76,38.76,38.76,3554.02
2021/10/17,2,0.003290276,-0.001953012,1991.5,0.8,0,4.34,-39.96,-35.63,-36.42,3517.6
2021/10/18,4,-0.001953012,-0.002157881,3989.9,1.6,0,-91.82,5.26,-86.56,-88.16,3429.44
2021/10/19,0,-0.002157881,-0.002157881,0,0,0,0,-2.9,-2.9,-2.9,3426.54
2021/10/20,2,-0.002157881,0.003049259,2002.23,0.8,0,124.17,-66.29,57.88,57.08,3483.62
2021/10/21,0,0.003049259,0.003049259,0,0,0,0,2.92,2.92,2.92,3486.54
2021/10/22,0,0.003049259,0.003049259,0,0,0,0,-37.55,-37.55,-37.55,3448.99
2021/10/23,0,0.003049259,0.003049259,0,0,0,0,36.57,36.57,36.57,3485.56
2021/10/24,0,0.003049259,0.003049259,0,0,0,0,-26.33,-26.33,-26.33,3459.23
2021/10/25,0,0.003049259,0.003049259,0,0,0,0,64.87,64.87,64.87,3524.1
2021/10/26,0,0.003049259,0.003049259,0,0,0,0,-8.21,-8.21,-8.21,3515.89
2021/10/27,4,0.003049259,-0.001858564,3991.77,1.6,0,23.98,-59.14,-35.16,-36.76,3479.13
2021/10/28,2,-0.001858564,0.002960493,2001.2,0.8,0,0.68,-29.47,-28.79,-29.59,3449.54
2021/10/29,0,0.002960493,0.002960493,0,0,0,0,85.98,85.98,85.98,3535.52
2021/10/30,2,0.002960493,-0.001690346,1971.74,0.79,0,-20.93,-47.36,-68.28,-69.07,3466.45
2021/10/31,2,-0.001690346,0.002891556,2006.55,0.8,0,-74.57,11.49,-63.08,-63.88,3402.57
2021/11/1,0,0.002891556,0.002891556,0,0,0,0,39.56,39.56,39.56,3442.13
2021/11/2,0,0.002891556,0.002891556,0,0,0,0,46.22,46.22,46.22,3488.35
2021/11/3,0,0.002891556,0.002891556,0,0,0,0,9.85,9.85,9.85,3498.2
2021/11/4,0,0.002891556,0.002891556,0,0,0,0,-18.61,-18.61,-18.61,3479.59
2021/11/5,0,0.002891556,0.002891556,0,0,0,0,-5.16,-5.16,-5.16,3474.43
2021/11/6,2,0.002891556,-0.001673831,1996.81,0.8,0,-11.93,-18.83,-30.76,-31.55,3442.88
2021/11/7,2,-0.001673831,0.002798161,2002.37,0.8,0,58.2,-34.78,23.42,22.62,3465.5
2021/11/8,0,0.002798161,0.002798161,0,0,0,0,44.57,44.57,44.57,3510.07
2021/11/9,0,0.002798161,0.002798161,0,0,0,0,7.05,7.05,7.05,3517.12
2021/11/10,3,0.002798161,0.000643441,2998.38,1.2,0,-50.34,16.44,-33.91,-35.11,3482.01
2021/11/11,2,0.000643441,-0.003579274,1997.52,0.8,0,3.53,-8.29,-4.77,-5.57,3476.44
2021/11/12,0,-0.003579274,-0.003579274,0,0,0,0,53.01,53.01,53.01,3529.45
2021/11/13,2,-0.003579274,0.000703363,2005.1,0.8,0,-0.24,-38.44,-38.69,-39.49,3489.96
2021/11/14,0,0.000703363,0.000703363,0,0,0,0,-6.78,-6.78,-6.78,3483.18
2021/11/15,0,0.000703363,0.000703363,0,0,0,0,4.67,4.67,4.67,3487.85
2021/11/16,2,0.000703363,-0.003730273,1994.14,0.8,0,94.71,-25.83,68.88,68.08,3555.93
2021/11/17,0,-0.003730273,-0.003730273,0,0,0,0,40.34,40.34,40.34,3596.27
2021/11/18,2,-0.003730273,0.000948505,2004.21,0.8,0,-99.64,39.3,-60.35,-61.15,3535.12
2021/11/19,0,0.000948505,0.000948505,0,0,0,0,13.87,13.87,13.87,3548.99
2021/11/20,0,0.000948505,0.000948505,0,0,0,0,-0.1,-0.1,-0.1,3548.89
2021/11/21,0,0.000948505,0.000948505,0,0,0,0,14.43,14.43,14.43,3563.32
2021/11/22,2,0.000948505,-0.003771292,1995.36,0.8,0,-3.9,-12.52,-16.42,-17.22,3546.1
2021/11/23,0,-0.003771292,-0.003771292,0,0,0,0,-13.67,-13.67,-13.67,3532.43
2021/11/24,0,-0.003771292,-0.003771292,0,0,0,0,6.87,6.87,6.87,3539.3
2021/11/25,2,-0.003771292,0.000843926,2003.28,0.8,0,63.93,-84.92,-20.99,-21.79,3517.51
2021/11/26,2,0.000843926,-0.003791563,1991.54,0.8,0,108.09,-35.11,72.99,72.19,3589.7
2021/11/27,0,-0.003791563,-0.003791563,0,0,0,0,-25.94,-25.94,-25.94,3563.76
2021/11/28,0,-0.003791563,-0.003791563,0,0,0,0,19.91,19.91,19.91,3583.67
2021/11/29,2,-0.003791563,0.001030538,2001.82,0.8,0,89.7,-97.96,-8.25,-9.06,3574.61
2021/11/30,0,0.001030538,0.001030538,0,0,0,0,29.01,29.01,29.01,3603.62
2021/12/1,0,0.001030538,0.001030538,0,0,0,0,11.34,11.34,11.34,3614.96
2021/12/2,2,0.001030538,-0.003331626,1995.05,0.8,0,12.55,-18.98,-6.43,-7.23,3607.73
2021/12/3,0,-0.003331626,-0.003331626,0,0,0,0,25.31,25.31,25.31,3633.04
2021/12/4,1,-0.003331626,0,1215.03,0.49,0,128.46,145.35,273.81,273.32,3906.36
2021/12/5,0,0,0,0,0,0,0,0,0,0,3906.36
2021/12/6,0,0,0,0,0,0,0,0,0,0,3906.36
2021/12/7,1,0,0.002364228,1001.72,0.4,0,35.08,0,35.08,34.68,3941.04
2021/12/8,0,0.002364228,0.002364228,0,0,0,0,4.29,4.29,4.29,3945.33
2021/12/9,2,0.002364228,-0.002318889,1997.69,0.8,0,31,-48.22,-17.22,-18.02,3927.31
2021/12/10,0,-0.002318889,-0.002318889,0,0,0,0,41.61,41.61,41.61,3968.92
2021/12/11,0,-0.002318889,-0.002318889,0,0,0,0,-8.48,-8.48,-8.48,3960.44
2021/12/12,0,-0.002318889,-0.002318889,0,0,0,0,7.87,7.87,7.87,3968.31
2021/12/13,4,-0.002318889,-0.002416452,4002.48,1.6,0,-59.44,50.19,-9.25,-10.85,3957.46
2021/12/14,0,-0.002416452,-0.002416452,0,0,0,0,5.31,5.31,5.31,3962.77
2021/12/15,4,-0.002416452,-0.002687012,3997.46,1.6,0,-110.26,30.86,-79.4,-81,3881.77
2021/12/16,2,-0.002687012,0.002646762,2003.44,0.8,0,173.16,-113.98,59.18,58.38,3940.15
2021/12/17,2,0.002646762,-0.002618516,1997.29,0.8,0,-19.96,-66.05,-86.01,-86.81,3853.34
2021/12/18,0,-0.002618516,-0.002618516,0,0,0,0,-29.54,-29.54,-29.54,3823.8
2021/12/19,0,-0.002618516,-0.002618516,0,0,0,0,4.83,4.83,4.83,3828.63
2021/12/20,3,-0.002618516,-0.00019826,2998.96,1.2,0,-85.05,32.9,-52.15,-53.35,3775.28
2021/12/21,2,-0.00019826,0.004940104,2001.89,0.8,0,42.24,-3.53,38.7,37.9,3813.18
2021/12/22,0,0.004940104,0.004940104,0,0,0,0,13.68,13.68,13.68,3826.86
2021/12/23,2,0.004940104,-0.000150704,1993.21,0.8,0,-16.79,-28.44,-45.23,-46.03,3780.83
2021/12/24,2,-0.000150704,0.004846873,2002.13,0.8,0,43.92,-2.2,41.72,40.92,3821.75
2021/12/25,0,0.004846873,0.004846873,0,0,0,0,-8.03,-8.03,-8.03,3813.72
2021/12/26,2,0.004846873,-0.000127992,1993.13,0.8,0,-22.66,-12.4,-35.06,-35.86,3777.86
2021/12/27,2,-0.000127992,0.004750545,2003.4,0.8,0,-7.43,-0.5,-7.93,-8.73,3769.13
2021/12/28,2,0.004750545,-0.000188507,1996.76,0.8,0,72.36,-92.65,-20.29,-21.09,3748.04
2021/12/29,0,-0.000188507,-0.000188507,0,0,0,0,1.95,1.95,1.95,3749.99
2021/12/30,0,-0.000188507,-0.000188507,0,0,0,0,1.61,1.61,1.61,3751.6
2021/12/31,2,-0.000188507,0.005086324,2001.34,0.8,0,-5.98,-1.42,-7.4,-8.2,3743.4
2022/1/1,2,0.005086324,-0.000313448,1998.9,0.8,0,-11.96,-29.92,-41.88,-42.68,3700.72
2022/1/2,0,-0.000313448,-0.000313448,0,0,0,0,-1.64,-1.64,-1.64,3699.08
2022/1/3,2,-0.000313448,0.004943651,2001.15,0.8,0,-12.75,-0.19,-12.95,-13.75,3685.33
2022/1/4,3,0.004943651,0.002223335,2997.66,1.2,0,-56.26,32.98,-23.27,-24.47,3660.86
2022/1/5,0,0.002223335,0.002223335,0,0,0,0,-6.62,-6.62,-6.62,3654.24
2022/1/6,2,0.002223335,-0.003092124,1995.94,0.8,0,191.52,-94.4,97.12,96.32,3750.56
2022/1/7,0,-0.003092124,-0.003092124,0,0,0,0,81.84,81.84,81.84,3832.4
2022/1/8,0,-0.003092124,-0.003092124,0,0,0,0,-9.17,-9.17,-9.17,3823.23
2022/1/9,0,-0.003092124,-0.003092124,0,0,0,0,19.44,19.44,19.44,3842.67
2022/1/10,3,-0.003092124,-0.000105727,3000.85,1.2,0,-110.69,28.64,-82.05,-83.25,3759.42
2022/1/11,2,-0.000105727,0.00631618,2002.38,0.8,0,9,-1.35,7.65,6.84,3766.26
2022/1/12,0,0.00631618,0.00631618,0,0,0,0,144.15,144.15,144.15,3910.41
2022/1/13,0,0.00631618,0.00631618,0,0,0,0,-37.93,-37.93,-37.93,3872.48
2022/1/14,4,0.00631618,-0.006098239,3992.75,1.6,0,-75.37,-14.7,-90.07,-91.67,3780.81
2022/1/15,4,-0.006098239,0.005910292,4002.8,1.6,0,32.74,-51,-18.26,-19.86,3760.95
2022/1/16,2,0.005910292,-0.000154192,1997.39,0.8,0,-35.35,-5.14,-40.49,-41.28,3719.67
2022/1/17,4,-0.000154192,-0.000320435,3999.68,1.6,0,-59.88,1.8,-58.09,-59.69,3659.98
2022/1/18,0,-0.000320435,-0.000320435,0,0,0,0,3.84,3.84,3.84,3663.82
2022/1/19,2,-0.000320435,0.005988574,2002.33,0.8,0,-32.66,-0.21,-32.87,-33.67,3630.15
2022/1/20,0,0.005988574,0.005988574,0,0,0,0,83.04,83.04,83.04,3713.19
2022/1/21,2,0.005988574,-0.000349224,1993.39,0.8,0,199.7,-257.83,-58.12,-58.92,3654.27
2022/1/22,0,-0.000349224,-0.000349224,0,0,0,0,15.52,15.52,15.52,3669.79
2022/1/23,0,-0.000349224,-0.000349224,0,0,0,0,-1.58,-1.58,-1.58,3668.21
2022/1/24,4,-0.000349224,-0.000926135,4010.56,1.6,0,-186.04,5.49,-180.55,-182.16,3486.05
2022/1/25,2,-0.000926135,0.007316699,2005.21,0.8,0,-12.03,-13.36,-25.38,-26.19,3459.86
2022/1/26,0,0.007316699,0.007316699,0,0,0,0,136.17,136.17,136.17,3596.03
2022/1/27,2,0.007316699,-0.000853069,1997.03,0.8,0,-27.79,-92.01,-119.8,-120.6,3475.43
2022/1/28,0,-0.000853069,-0.000853069,0,0,0,0,3.1,3.1,3.1,3478.53
2022/1/29,2,-0.000853069,0.007116106,2003.68,0.8,0,22.04,-8.51,13.53,12.73,3491.26
2022/1/30,0,0.007116106,0.007116106,0,0,0,0,52.79,52.79,52.79,3544.05
2022/1/31,2,0.007116106,-0.00073482,1991.38,0.8,0,-65.06,2.3,-62.76,-63.56,3480.49
2022/2/1,2,-0.00073482,0.00673743,2005.28,0.8,0,62.49,-10.87,51.62,50.82,3531.31
2022/2/2,0,0.00673743,0.00673743,0,0,0,0,-70.37,-70.37,-70.37,3460.94
2022/2/3,0,0.00673743,0.00673743,0,0,0,0,-16.51,-16.51,-16.51,3444.43
2022/2/4,0,0.00673743,0.00673743,0,0,0,0,156.75,156.75,156.75,3601.18
2022/2/5,0,0.00673743,0.00673743,0,0,0,0,119.88,119.88,119.88,3721.06
2022/2/6,0,0.00673743,0.00673743,0,0,0,0,-39.74,-39.74,-39.74,3681.32
2022/2/7,0,0.00673743,0.00673743,0,0,0,0,87.78,87.78,87.78,3769.1
2022/2/8,0,0.00673743,0.00673743,0,0,0,0,-30.14,-30.14,-30.14,3738.96
2022/2/9,0,0.00673743,0.00673743,0,0,0,0,68.38,68.38,68.38,3807.34
2022/2/10,0,0.00673743,0.00673743,0,0,0,0,21.03,21.03,21.03,3828.37
2022/2/11,4,0.00673743,-0.006215759,3998.69,1.6,0,-18.45,-72.05,-90.5,-92.1,3736.27
2022/2/12,0,-0.006215759,-0.006215759,0,0,0,0,137.2,137.2,137.2,3873.47
2022/2/13,2,-0.006215759,0.000511362,2006.61,0.8,0,-43.4,-23.5,-66.9,-67.7,3805.77
2022/2/14,2,0.000511362,-0.006465763,1985.53,0.79,0,-62.7,0.88,-61.82,-62.61,3743.16
2022/2/15,2,-0.006465763,0.000249229,2007.45,0.8,0,88.66,-120.2,-31.53,-32.34,3710.82
2022/2/16,0,0.000249229,0.000249229,0,0,0,0,-1.41,-1.41,-1.41,3709.41
2022/2/17,2,0.000249229,-0.006446923,1992.91,0.8,0,-7.29,-1.94,-9.23,-10.02,3699.39
2022/2/18,0,-0.006446923,-0.006446923,0,0,0,0,121.52,121.52,121.52,3820.91
2022/2/19,0,-0.006446923,-0.006446923,0,0,0,0,34.85,34.85,34.85,3855.76
2022/2/20,0,-0.006446923,-0.006446923,0,0,0,0,60.78,60.78,60.78,3916.54
2022/2/21,2,-0.006446923,0.000902235,2005.45,0.8,0,-4.76,-46.48,-51.24,-52.04,3864.5
2022/2/22,2,0.000902235,-0.006745948,1997.34,0.8,0,-8.47,-9,-17.47,-18.26,3846.24
2022/2/23,2,-0.006745948,0.000607966,2002.06,0.8,0,-25.27,-44.18,-69.45,-70.25,3775.99
2022/2/24,2,0.000607966,-0.007114041,1995.09,0.8,0,100.57,-14.27,86.3,85.51,3861.5
2022/2/25,2,-0.007114041,0.000543777,2010.87,0.8,0,81.35,-198.3,-116.95,-117.75,3743.75
2022/2/26,0,0.000543777,0.000543777,0,0,0,0,2.82,2.82,2.82,3746.57
2022/2/27,0,0.000543777,0.000543777,0,0,0,0,1.27,1.27,1.27,3747.84
2022/2/28,2,0.000543777,-0.006850513,1997.12,0.8,0,-83.79,0.37,-83.42,-84.22,3663.62
2022/3/1,2,-0.006850513,4.33E-05,2016.01,0.81,0,17.11,-92.47,-75.36,-76.16,3587.46
2022/3/2,0,4.33E-05,4.33E-05,0,0,0,0,0.01,0.01,0.01,3587.47
2022/3/3,2,4.33E-05,-0.006928153,1995.38,0.8,0,24.17,-0.54,23.63,22.83,3610.3
2022/3/4,0,-0.006928153,-0.006928153,0,0,0,0,108.57,108.57,108.57,3718.87
2022/3/5,0,-0.006928153,-0.006928153,0,0,0,0,19.97,19.97,19.97,3738.84
2022/3/6,0,-0.006928153,-0.006928153,0,0,0,0,11.11,11.11,11.11,3749.95
2022/3/7,0,-0.006928153,-0.006928153,0,0,0,0,6.57,6.57,6.57,3756.52
2022/3/8,0,-0.006928153,-0.006928153,0,0,0,0,40.46,40.46,40.46,3796.98
2022/3/9,2,-0.006928153,0.000672277,2007.31,0.8,0,87.81,-137.5,-49.7,-50.5,3746.48
2022/3/10,2,0.000672277,-0.006979418,1994.78,0.8,0,8.46,-10.8,-2.34,-3.14,3743.34
2022/3/11,0,-0.006979418,-0.006979418,0,0,0,0,11.51,11.51,11.51,3754.85
2022/3/12,0,-0.006979418,-0.006979418,0,0,0,0,-2.69,-2.69,-2.69,3752.16
2022/3/13,3,-0.006979418,-0.003172718,3005,1.2,0,-41.98,3.49,-38.49,-39.69,3712.47
2022/3/14,0,-0.003172718,-0.003172718,0,0,0,0,1.84,1.84,1.84,3714.31
2022/3/15,0,-0.003172718,-0.003172718,0,0,0,0,0.32,0.32,0.32,3714.63
2022/3/16,2,-0.003172718,0.004525512,2009.92,0.8,0,70.91,-41.72,29.19,28.38,3743.01
2022/3/17,0,0.004525512,0.004525512,0,0,0,0,44.39,44.39,44.39,3787.4
2022/3/18,0,0.004525512,0.004525512,0,0,0,0,42.05,42.05,42.05,3829.45
2022/3/19,0,0.004525512,0.004525512,0,0,0,0,32.94,32.94,32.94,3862.39
2022/3/20,2,0.004525512,-0.002352422,1997.75,0.8,0,34.5,-50.85,-16.35,-17.15,3845.24
2022/3/21,2,-0.002352422,0.004523076,2003.26,0.8,0,27.85,-23.46,4.4,3.6,3848.84
2022/3/22,0,0.004523076,0.004523076,0,0,0,0,21.73,21.73,21.73,3870.57
2022/3/23,0,0.004523076,0.004523076,0,0,0,0,12.42,12.42,12.42,3882.99
2022/3/24,3,0.004523076,0.001054991,3004.9,1.2,0,-95.22,38.27,-56.95,-58.15,3824.84
2022/3/25,0,0.001054991,0.001054991,0,0,0,0,0.64,0.64,0.64,3825.48
2022/3/26,0,0.001054991,0.001054991,0,0,0,0,-0.58,-0.58,-0.58,3824.9
2022/3/27,0,0.001054991,0.001054991,0,0,0,0,5.73,5.73,5.73,3830.63
2022/3/28,0,0.001054991,0.001054991,0,0,0,0,19.76,19.76,19.76,3850.39
2022/3/29,0,0.001054991,0.001054991,0,0,0,0,4.73,4.73,4.73,3855.12
2022/3/30,0,0.001054991,0.001054991,0,0,0,0,-2.12,-2.12,-2.12,3853
2022/3/31,0,0.001054991,0.001054991,0,0,0,0,-3.34,-3.34,-3.34,3849.66
2022/4/1,4,0.001054991,0.000869514,3999.77,1.6,0,-69.91,8.73,-61.19,-62.79,3786.87
2022/4/2,0,0.000869514,0.000869514,0,0,0,0,2.41,2.41,2.41,3789.28
2022/4/3,0,0.000869514,0.000869514,0,0,0,0,3.33,3.33,3.33,3792.61
2022/4/4,2,0.000869514,-0.004949294,1997.85,0.8,0,5.84,-6.51,-0.67,-1.47,3791.14
2022/4/5,2,-0.004949294,0.000791218,2001.95,0.8,0,-20.9,-13.66,-34.56,-35.36,3755.78
2022/4/6,2,0.000791218,-0.005149582,1996.71,0.8,0,62.49,-15.44,47.04,46.25,3802.03
2022/4/7,0,-0.005149582,-0.005149582,0,0,0,0,29.77,29.77,29.77,3831.8
2022/4/8,2,-0.005149582,0.001013518,2002.34,0.8,0,18.95,-42.04,-23.09,-23.89,3807.91
2022/4/9,2,0.001013518,-0.005211175,1995.94,0.8,0,-1.27,-7.21,-8.48,-9.28,3798.63
2022/4/10,2,-0.005211175,0.00094199,2003.57,0.8,0,-1.33,-23.7,-25.02,-25.83,3772.8
2022/4/11,2,0.00094199,-0.005266741,1994.72,0.8,0,130.73,-23.72,107.01,106.21,3879.01
2022/4/12,0,-0.005266741,-0.005266741,0,0,0,0,-21.32,-21.32,-21.32,3857.69
2022/4/13,2,-0.005266741,0.001196902,2002.18,0.8,0,-3.5,-26.07,-29.57,-30.37,3827.32
2022/4/14,0,0.001196902,0.001196902,0,0,0,0,-9.26,-9.26,-9.26,3818.06
2022/4/15,0,0.001196902,0.001196902,0,0,0,0,1.42,1.42,1.42,3819.48
2022/4/16,0,0.001196902,0.001196902,0,0,0,0,-1.3,-1.3,-1.3,3818.18
2022/4/17,0,0.001196902,0.001196902,0,0,0,0,6.68,6.68,6.68,3824.86
2022/4/18,2,0.001196902,-0.005404651,1997,0.8,0,74.41,-19.07,55.34,54.54,3879.4
2022/4/19,2,-0.005404651,0.00129316,2004.6,0.8,0,78.1,-106.57,-28.47,-29.27,3850.13
2022/4/20,0,0.00129316,0.00129316,0,0,0,0,-5.53,-5.53,-5.53,3844.6
2022/4/21,0,0.00129316,0.00129316,0,0,0,0,4.84,4.84,4.84,3849.44
2022/4/22,2,0.00129316,-0.005332625,1997.72,0.8,0,44.05,-20.12,23.93,23.13,3872.57
2022/4/23,0,-0.005332625,-0.005332625,0,0,0,0,-8.57,-8.57,-8.57,3864
2022/4/24,0,-0.005332625,-0.005332625,0,0,0,0,11.86,11.86,11.86,3875.86
2022/4/25,0,-0.005332625,-0.005332625,0,0,0,0,40.22,40.22,40.22,3916.08
2022/4/26,2,-0.005332625,0.00148489,2002.56,0.8,0,-53.94,4.67,-49.27,-50.07,3866.01
2022/4/27,0,0.00148489,0.00148489,0,0,0,0,0.86,0.86,0.86,3866.87
2022/4/28,0,0.00148489,0.00148489,0,0,0,0,3.59,3.59,3.59,3870.46
2022/4/29,0,0.00148489,0.00148489,0,0,0,0,-4.97,-4.97,-4.97,3865.49
2022/4/30,0,0.00148489,0.00148489,0,0,0,0,-6.02,-6.02,-6.02,3859.47
2022/5/1,2,0.00148489,-0.005715856,1988.3,0.8,0,-30.8,-1.52,-32.32,-33.12,3826.35
2022/5/2,2,-0.005715856,0.001316221,2002.48,0.8,0,-14.51,-13.13,-27.64,-28.44,3797.91
2022/5/3,0,0.001316221,0.001316221,0,0,0,0,-0.74,-0.74,-0.74,3797.17
2022/5/4,4,0.001316221,0.001059899,4000.66,1.6,0,-76.39,2.88,-73.52,-75.12,3722.05
2022/5/5,2,0.001059899,-0.006161438,1992.54,0.8,0,13.42,-10.87,2.55,1.75,3723.8
2022/5/6,0,-0.006161438,-0.006161438,0,0,0,0,33.02,33.02,33.02,3756.82
2022/5/7,0,-0.006161438,-0.006161438,0,0,0,0,-2.69,-2.69,-2.69,3754.13
2022/5/8,0,-0.006161438,-0.006161438,0,0,0,0,108.48,108.48,108.48,3862.61
2022/5/9,0,-0.006161438,-0.006161438,0,0,0,0,82.37,82.37,82.37,3944.98
2022/5/10,0,-0.006161438,-0.006161438,0,0,0,0,12.56,12.56,12.56,3957.54
2022/5/11,0,-0.006161438,-0.006161438,0,0,0,0,59.6,59.6,59.6,4017.14
2022/5/12,0,-0.006161438,-0.006161438,0,0,0,0,183.44,183.44,183.44,4200.58
2022/5/13,0,-0.006161438,-0.006161438,0,0,0,0,-77.15,-77.15,-77.15,4123.43
2022/5/14,0,-0.006161438,-0.006161438,0,0,0,0,79.74,79.74,79.74,4203.17
2022/5/15,2,-0.006161438,0.003778475,2014.84,0.81,0,34.31,-60.93,-26.62,-27.42,4175.75
2022/5/16,0,0.003778475,0.003778475,0,0,0,0,-18.03,-18.03,-18.03,4157.72
2022/5/17,0,0.003778475,0.003778475,0,0,0,0,17.37,17.37,17.37,4175.09
2022/5/18,2,0.003778475,-0.006305423,1988.3,0.8,0,17.04,-39.65,-22.61,-23.4,4151.69
2022/5/19,2,-0.006305423,0.003593411,2001.72,0.8,0,0.33,-42.66,-42.33,-43.13,4108.56
2022/5/20,0,0.003593411,0.003593411,0,0,0,0,-22.54,-22.54,-22.54,4086.02
2022/5/21,0,0.003593411,0.003593411,0,0,0,0,7,7,7,4093.02
2022/5/22,0,0.003593411,0.003593411,0,0,0,0,8.69,8.69,8.69,4101.71
2022/5/23,0,0.003593411,0.003593411,0,0,0,0,21.88,21.88,21.88,4123.59
2022/5/24,2,0.003593411,-0.006331212,1990.99,0.8,0,44.23,-36.94,7.29,6.5,4130.09
2022/5/25,0,-0.006331212,-0.006331212,0,0,0,0,-1.1,-1.1,-1.1,4128.99
2022/5/26,0,-0.006331212,-0.006331212,0,0,0,0,64.81,64.81,64.81,4193.8
2022/5/27,0,-0.006331212,-0.006331212,0,0,0,0,61.62,61.62,61.62,4255.42
2022/5/28,0,-0.006331212,-0.006331212,0,0,0,0,-19.36,-19.36,-19.36,4236.06
2022/5/29,0,-0.006331212,-0.006331212,0,0,0,0,-1.48,-1.48,-1.48,4234.58
2022/5/30,2,-0.006331212,0.004651523,2005.55,0.8,0,94.03,-72.95,21.08,20.28,4254.86
2022/5/31,0,0.004651523,0.004651523,0,0,0,0,35.43,35.43,35.43,4290.29
2022/6/1,2,0.004651523,-0.005750245,1998.14,0.8,0,42.29,-50.04,-7.74,-8.54,4281.75
2022/6/2,0,-0.005750245,-0.005750245,0,0,0,0,37.2,37.2,37.2,4318.95
2022/6/3,0,-0.005750245,-0.005750245,0,0,0,0,30.53,30.53,30.53,4349.48
2022/6/4,0,-0.005750245,-0.005750245,0,0,0,0,-8.77,-8.77,-8.77,4340.71
2022/6/5,2,-0.005750245,0.005413709,2008.43,0.8,0,12.84,-18.84,-6.01,-6.81,4333.9
2022/6/6,0,0.005413709,0.005413709,0,0,0,0,40.81,40.81,40.81,4374.71
2022/6/7,2,0.005413709,-0.00557651,1990.33,0.8,0,33.3,-56.96,-23.66,-24.45,4350.26
2022/6/8,2,-0.00557651,0.005269477,2003.37,0.8,0,-35.48,-18.79,-54.27,-55.07,4295.19
2022/6/9,0,0.005269477,0.005269477,0,0,0,0,-8.47,-8.47,-8.47,4286.72
2022/6/10,2,0.005269477,-0.006011729,1986.67,0.79,0,39.85,-38.26,1.58,0.79,4287.51
2022/6/11,0,-0.006011729,-0.006011729,0,0,0,0,125.55,125.55,125.55,4413.06
2022/6/12,0,-0.006011729,-0.006011729,0,0,0,0,-5.01,-5.01,-5.01,4408.05
2022/6/13,0,-0.006011729,-0.006011729,0,0,0,0,177.98,177.98,177.98,4586.03
2022/6/14,0,-0.006011729,-0.006011729,0,0,0,0,-12.54,-12.54,-12.54,4573.49
2022/6/15,0,-0.006011729,-0.006011729,0,0,0,0,78.42,78.42,78.42,4651.91
2022/6/16,2,-0.006011729,0.010880591,2064.34,0.83,0,-183.05,3.53,-179.52,-180.34,4471.57
2022/6/17,0,0.010880591,0.010880591,0,0,0,0,-32.11,-32.11,-32.11,4439.46
2022/6/18,2,0.010880591,-0.007952688,1946.44,0.78,0,83.75,-103.53,-19.78,-20.56,4418.9
2022/6/19,2,-0.007952688,0.011831858,2058.09,0.82,0,60.96,-65.23,-4.27,-5.09,4413.81
2022/6/20,0,0.011831858,0.011831858,0,0,0,0,74.17,74.17,74.17,4487.98
2022/6/21,0,0.011831858,0.011831858,0,0,0,0,40.28,40.28,40.28,4528.26
2022/6/22,2,0.011831858,-0.006260649,1991.61,0.8,0,47.55,-110.37,-62.82,-63.62,4464.64
2022/6/23,2,-0.006260649,0.011778171,2017.12,0.81,0,-44.57,-11.89,-56.46,-57.27,4407.37
2022/6/24,0,0.011778171,0.011778171,0,0,0,0,122.33,122.33,122.33,4529.7
2022/6/25,0,0.011778171,0.011778171,0,0,0,0,-16.4,-16.4,-16.4,4513.3
2022/6/26,0,0.011778171,0.011778171,0,0,0,0,46.09,46.09,46.09,4559.39
2022/6/27,0,0.011778171,0.011778171,0,0,0,0,-42.33,-42.33,-42.33,4517.06
2022/6/28,0,0.011778171,0.011778171,0,0,0,0,-3.97,-3.97,-3.97,4513.09
2022/6/29,2,0.011778171,-0.005793279,1995.17,0.8,0,38.18,-81.89,-43.71,-44.51,4468.58
2022/6/30,0,-0.005793279,-0.005793279,0,0,0,0,47.6,47.6,47.6,4516.18
2022/7/1,2,-0.005793279,0.013227349,2059.25,0.82,0,-50.33,-14.26,-64.59,-65.41,4450.77
2022/7/2,0,0.013227349,0.013227349,0,0,0,0,-5.32,-5.32,-5.32,4445.45
2022/7/3,0,0.013227349,0.013227349,0,0,0,0,-3,-3,-3,4442.45
2022/7/4,0,0.013227349,0.013227349,0,0,0,0,81.35,81.35,81.35,4523.8
2022/7/5,0,0.013227349,0.013227349,0,0,0,0,-25.12,-25.12,-25.12,4498.68
2022/7/6,0,0.013227349,0.013227349,0,0,0,0,53.5,53.5,53.5,4552.18
2022/7/7,0,0.013227349,0.013227349,0,0,0,0,114.95,114.95,114.95,4667.13
2022/7/8,0,0.013227349,0.013227349,0,0,0,0,20.17,20.17,20.17,4687.3
2022/7/9,0,0.013227349,0.013227349,0,0,0,0,-26.45,-26.45,-26.45,4660.85
2022/7/10,2,0.013227349,-0.003450436,1975.65,0.79,0,35.81,-68.61,-32.8,-33.59,4627.26
2022/7/11,0,-0.003450436,-0.003450436,0,0,0,0,6.9,6.9,6.9,4634.16
2022/7/12,0,-0.003450436,-0.003450436,0,0,0,0,23.32,23.32,23.32,4657.48
2022/7/13,0,-0.003450436,-0.003450436,0,0,0,0,5.49,5.49,5.49,4662.97
2022/7/14,2,-0.003450436,0.014982743,2026.95,0.81,0,75.3,-27.89,47.41,46.6,4709.57
2022/7/15,0,0.014982743,0.014982743,0,0,0,0,121.5,121.5,121.5,4831.07
2022/7/16,0,0.014982743,0.014982743,0,0,0,0,78.81,78.81,78.81,4909.88
2022/7/17,0,0.014982743,0.014982743,0,0,0,0,115.13,115.13,115.13,5025.01
2022/7/18,0,0.014982743,0.014982743,0,0,0,0,253.19,253.19,253.19,5278.2
2022/7/19,0,0.014982743,0.014982743,0,0,0,0,29.05,29.05,29.05,5307.25
2022/7/20,0,0.014982743,0.014982743,0,0,0,0,84.58,84.58,84.58,5391.83
2022/7/21,4,0.014982743,-0.011170238,3993.85,1.6,0,44.2,-128.28,-84.09,-85.68,5306.15
2022/7/22,2,-0.011170238,0.001683315,2010.32,0.8,0,12.96,-71.37,-58.41,-59.21,5246.94
2022/7/23,0,0.001683315,0.001683315,0,0,0,0,-8.58,-8.58,-8.58,5238.36
2022/7/24,0,0.001683315,0.001683315,0,0,0,0,15.05,15.05,15.05,5253.41
2022/7/25,2,0.001683315,-0.011387128,1993.07,0.8,0,-0.6,-14.69,-15.29,-16.09,5237.32
2022/7/26,0,-0.011387128,-0.011387128,0,0,0,0,178.76,178.76,178.76,5416.08
2022/7/27,2,-0.011387128,0.002569606,2008.25,0.8,0,69.21,-136.82,-67.6,-68.41,5347.67
2022/7/28,0,0.002569606,0.002569606,0,0,0,0,61.62,61.62,61.62,5409.29
2022/7/29,0,0.002569606,0.002569606,0,0,0,0,-1.75,-1.75,-1.75,5407.54
2022/7/30,0,0.002569606,0.002569606,0,0,0,0,3.75,3.75,3.75,5411.29
2022/7/31,2,0.002569606,-0.009350979,1998.55,0.8,0,-41.22,-6.41,-47.63,-48.43,5362.86
2022/8/1,3,-0.009350979,-0.003805209,3002.45,1.2,0,-75.93,36.65,-39.29,-40.49,5322.37
2022/8/2,0,-0.003805209,-0.003805209,0,0,0,0,16.39,16.39,16.39,5338.76
2022/8/3,2,-0.003805209,0.008152151,2002.85,0.8,0,-23.66,-10.02,-33.68,-34.48,5304.28
2022/8/4,2,0.008152151,-0.004312558,1990.3,0.8,0,-22.82,-32.72,-55.55,-56.34,5247.94
2022/8/5,2,-0.004312558,0.007862519,2002.86,0.8,0,29.95,-23.54,6.41,5.61,5253.55
2022/8/6,0,0.007862519,0.007862519,0,0,0,0,35.74,35.74,35.74,5289.29
2022/8/7,0,0.007862519,0.007862519,0,0,0,0,-13.33,-13.33,-13.33,5275.96
2022/8/8,0,0.007862519,0.007862519,0,0,0,0,60.12,60.12,60.12,5336.08
2022/8/9,2,0.007862519,-0.003877533,1991.7,0.8,0,14.93,-71.42,-56.48,-57.28,5278.8
2022/8/10,2,-0.003877533,0.007831315,2034.05,0.81,0,116.68,-59.35,57.33,56.52,5335.32
2022/8/11,0,0.007831315,0.007831315,0,0,0,0,41.03,41.03,41.03,5376.35
2022/8/12,0,0.007831315,0.007831315,0,0,0,0,5.77,5.77,5.77,5382.12
2022/8/13,0,0.007831315,0.007831315,0,0,0,0,70.79,70.79,70.79,5452.91
2022/8/14,0,0.007831315,0.007831315,0,0,0,0,-2.91,-2.91,-2.91,5450
2022/8/15,4,0.007831315,-0.002569568,3994.77,1.6,0,-1.58,-52.41,-53.98,-55.58,5394.42
2022/8/16,0,-0.002569568,-0.002569568,0,0,0,0,7.64,7.64,7.64,5402.06
2022/8/17,4,-0.002569568,-0.002988867,4004.27,1.6,0,-82.7,14.48,-68.21,-69.82,5332.24
2022/8/18,0,-0.002988867,-0.002988867,0,0,0,0,-12.47,-12.47,-12.47,5319.77
2022/8/19,0,-0.002988867,-0.002988867,0,0,0,0,52.27,52.27,52.27,5372.04
2022/8/20,0,-0.002988867,-0.002988867,0,0,0,0,18.86,18.86,18.86,5390.9
2022/8/21,0,-0.002988867,-0.002988867,0,0,0,0,4.09,4.09,4.09,5394.99
2022/8/22,0,-0.002988867,-0.002988867,0,0,0,0,9.42,9.42,9.42,5404.41
2022/8/23,2,-0.002988867,0.00925051,2003.64,0.8,0,3.07,-15.18,-12.11,-12.91,5391.5
2022/8/24,0,0.00925051,0.00925051,0,0,0,0,39.99,39.99,39.99,5431.49
2022/8/25,0,0.00925051,0.00925051,0,0,0,0,16.35,16.35,16.35,5447.84
2022/8/26,2,0.00925051,-0.002799715,1997.01,0.8,0,77.94,-99.8,-21.86,-22.66,5425.18
2022/8/27,0,-0.002799715,-0.002799715,0,0,0,0,34.58,34.58,34.58,5459.76
2022/8/28,0,-0.002799715,-0.002799715,0,0,0,0,-4.68,-4.68,-4.68,5455.08
2022/8/29,2,-0.002799715,0.01052438,2015.16,0.81,0,11.14,-9.8,1.34,0.53,5455.61
2022/8/30,0,0.01052438,0.01052438,0,0,0,0,3.17,3.17,3.17,5458.78
2022/8/31,0,0.01052438,0.01052438,0,0,0,0,37.5,37.5,37.5,5496.28
2022/9/1,0,0.01052438,0.01052438,0,0,0,0,-25.36,-25.36,-25.36,5470.92
2022/9/2,0,0.01052438,0.01052438,0,0,0,0,105.2,105.2,105.2,5576.12
2022/9/3,2,0.01052438,-0.002276767,1994.73,0.8,0,13.4,-92.1,-78.7,-79.49,5496.63
2022/9/4,0,-0.002276767,-0.002276767,0,0,0,0,-2.7,-2.7,-2.7,5493.93
2022/9/5,2,-0.002276767,0.010443857,2009.13,0.8,0,25.7,-9.11,16.59,15.78,5509.71
2022/9/6,0,0.010443857,0.010443857,0,0,0,0,72.13,72.13,72.13,5581.84
2022/9/7,2,0.010443857,-0.002001694,1993.55,0.8,0,73.34,-131.38,-58.04,-58.84,5523
2022/9/8,2,-0.002001694,0.010415653,2009.16,0.8,0,13.13,-17.16,-4.03,-4.84,5518.16
2022/9/9,0,0.010415653,0.010415653,0,0,0,0,93.35,93.35,93.35,5611.51
2022/9/10,0,0.010415653,0.010415653,0,0,0,0,-3.87,-3.87,-3.87,5607.64
2022/9/11,0,0.010415653,0.010415653,0,0,0,0,55.06,55.06,55.06,5662.7
2022/9/12,2,0.010415653,-0.001016969,1965,0.79,0,15.86,-65.06,-49.2,-49.99,5612.71
2022/9/13,4,-0.001016969,-0.001190384,3929.8,1.57,0,-107.02,11.45,-95.57,-97.14,5515.57
2022/9/14,0,-0.001190384,-0.001190384,0,0,0,0,-0.05,-0.05,-0.05,5515.52
2022/9/15,4,-0.001190384,-0.001778379,3996.88,1.6,0,-100.32,12.03,-88.29,-89.89,5425.63
2022/9/16,0,-0.001778379,-0.001778379,0,0,0,0,7.13,7.13,7.13,5432.76
2022/9/17,0,-0.001778379,-0.001778379,0,0,0,0,1.48,1.48,1.48,5434.24
2022/9/18,4,-0.001778379,-0.002191057,4000.8,1.6,0,-72.84,4.76,-68.08,-69.68,5364.56
2022/9/19,0,-0.002191057,-0.002191057,0,0,0,0,16.55,16.55,16.55,5381.11
2022/9/20,0,-0.002191057,-0.002191057,0,0,0,0,-7.77,-7.77,-7.77,5373.34
2022/9/21,0,-0.002191057,-0.002191057,0,0,0,0,7.5,7.5,7.5,5380.84
2022/9/22,4,-0.002191057,-0.002226096,3947.61,1.58,0,-106.97,15.73,-91.24,-92.82,5288.02
2022/9/23,2,-0.002226096,0.012613672,2005.3,0.8,0,-86.25,-5.05,-91.3,-92.1,5195.92
2022/9/24,0,0.012613672,0.012613672,0,0,0,0,58.38,58.38,58.38,5254.3
2022/9/25,0,0.012613672,0.012613672,0,0,0,0,-37.19,-37.19,-37.19,5217.11
2022/9/26,3,0.012613672,0.004572161,2991.83,1.2,0,-75.02,18.04,-56.98,-58.18,5158.93
2022/9/27,0,0.004572161,0.004572161,0,0,0,0,18.51,18.51,18.51,5177.44
2022/9/28,2,0.004572161,-0.010619289,1991.92,0.8,0,-30.44,-15.32,-45.76,-46.56,5130.88
2022/9/29,0,-0.010619289,-0.010619289,0,0,0,0,5.18,5.18,5.18,5136.06
2022/9/30,2,-0.010619289,0.004220038,2008.92,0.8,0,-4.7,-25.74,-30.45,-31.25,5104.81
2022/10/1,0,0.004220038,0.004220038,0,0,0,0,-12.05,-12.05,-12.05,5092.76
2022/10/2,2,0.004220038,-0.011122209,1985.87,0.79,0,2.3,-12.31,-10.01,-10.8,5081.96
2022/10/3,4,-0.011122209,0.004114954,4008.92,1.6,0,-15.96,-28.15,-44.11,-45.71,5036.25
2022/10/4,0,0.004114954,0.004114954,0,0,0,0,14.49,14.49,14.49,5050.74
2022/10/5,2,0.004114954,-0.011005518,1994.24,0.8,0,-16.51,-9.71,-26.22,-27.02,5023.72
2022/10/6,2,-0.011005518,0.003828416,2005.12,0.8,0,13.35,-34,-20.65,-21.45,5002.27
2022/10/7,2,0.003828416,-0.010935981,1958.76,0.78,0,-10.03,-10.43,-20.45,-21.24,4981.03
2022/10/8,0,-0.010935981,-0.010935981,0,0,0,0,10.6,10.6,10.6,4991.63
2022/10/9,0,-0.010935981,-0.010935981,0,0,0,0,-2.07,-2.07,-2.07,4989.56
2022/10/10,3,-0.010935981,-0.0035913,3000.16,1.2,0,-42.64,19.52,-23.12,-24.32,4965.24
2022/10/11,0,-0.0035913,-0.0035913,0,0,0,0,5.39,5.39,5.39,4970.63
2022/10/12,0,-0.0035913,-0.0035913,0,0,0,0,-2.11,-2.11,-2.11,4968.52
2022/10/13,0,-0.0035913,-0.0035913,0,0,0,0,15.25,15.25,15.25,4983.77
2022/10/14,2,-0.0035913,0.011744594,2004.11,0.8,0,4.54,-19.23,-14.69,-15.49,4968.28
2022/10/15,0,0.011744594,0.011744594,0,0,0,0,-28.63,-28.63,-28.63,4939.65
2022/10/16,2,0.011744594,-0.004032009,1993.15,0.8,0,-34.93,0.13,-34.8,-35.6,4904.05
2022/10/17,2,-0.004032009,0.011492325,2012.92,0.81,0,49.54,-17.35,32.19,31.38,4935.43
2022/10/18,0,0.011492325,0.011492325,0,0,0,0,-24.98,-24.98,-24.98,4910.45
2022/10/19,0,0.011492325,0.011492325,0,0,0,0,-3.14,-3.14,-3.14,4907.31
2022/10/20,2,0.011492325,-0.004037916,1992.75,0.8,0,-24.69,-5.77,-30.46,-31.26,4876.05
2022/10/21,0,-0.004037916,-0.004037916,0,0,0,0,0.83,0.83,0.83,4876.88
2022/10/22,2,-0.004037916,0.011240223,2012.8,0.81,0,-2.84,-7.51,-10.35,-11.15,4865.73
2022/10/23,2,0.011240223,-0.004056496,1989.63,0.8,0,-19.18,-2.64,-21.82,-22.62,4843.11
2022/10/24,2,-0.004056496,0.011123885,2006.76,0.8,0,28.69,-11.2,17.49,16.69,4859.8
2022/10/25,0,0.011123885,0.011123885,0,0,0,0,74.17,74.17,74.17,4933.97
2022/10/26,0,0.011123885,0.011123885,0,0,0,0,177.35,177.35,177.35,5111.32
2022/10/27,0,0.011123885,0.011123885,0,0,0,0,-25.87,-25.87,-25.87,5085.45
2022/10/28,2,0.011123885,-0.00208066,1986.68,0.79,0,-43.18,-7.17,-50.35,-51.15,5034.3
2022/10/29,2,-0.00208066,0.010679895,2007.69,0.8,0,74.61,-19.68,54.93,54.13,5088.43
2022/10/30,0,0.010679895,0.010679895,0,0,0,0,-48.29,-48.29,-48.29,5040.14
2022/10/31,0,0.010679895,0.010679895,0,0,0,0,-19.25,-19.25,-19.25,5020.89
2022/11/1,0,0.010679895,0.010679895,0,0,0,0,5.22,5.22,5.22,5026.11
2022/11/2,2,0.010679895,-0.002185151,1974.93,0.79,0,-29,-16.91,-45.9,-46.69,4979.42
2022/11/3,4,-0.002185151,-0.002582382,4009.36,1.6,0,-87.98,3.44,-84.53,-86.14,4893.28
2022/11/4,2,-0.002582382,0.010035994,2006.95,0.8,0,43.21,-21.39,21.81,21.01,4914.29
2022/11/5,0,0.010035994,0.010035994,0,0,0,0,10.56,10.56,10.56,4924.85
2022/11/6,0,0.010035994,0.010035994,0,0,0,0,-12.7,-12.7,-12.7,4912.15
2022/11/7,2,0.010035994,-0.002429492,1996.17,0.8,0,12.32,-31.24,-18.93,-19.72,4892.43
2022/11/8,0,-0.002429492,-0.002429492,0,0,0,0,31.54,31.54,31.54,4923.97
2022/11/9,4,-0.002429492,-0.003999798,3996.79,1.6,0,-213.56,72.92,-140.64,-142.24,4781.73
2022/11/10,2,-0.003999798,0.011012962,2012.58,0.81,0,-29.03,-63.89,-92.93,-93.73,4688
2022/11/11,0,0.011012962,0.011012962,0,0,0,0,-67.99,-67.99,-67.99,4620.01
2022/11/12,0,0.011012962,0.011012962,0,0,0,0,16.28,16.28,16.28,4636.29
2022/11/13,2,0.011012962,-0.00509788,1992.28,0.8,0,9.09,-47.7,-38.61,-39.41,4596.88
2022/11/14,2,-0.00509788,0.010849048,2005.1,0.8,0,-20.6,-6.87,-27.47,-28.27,4568.61
2022/11/15,0,0.010849048,0.010849048,0,0,0,0,20.63,20.63,20.63,4589.24
2022/11/16,2,0.010849048,-0.005468025,1979.36,0.79,0,34.85,-77.85,-43,-43.79,4545.45
2022/11/17,2,-0.005468025,0.01093927,2013.29,0.81,0,-57.67,-0.12,-57.79,-58.6,4486.85
2022/11/18,0,0.01093927,0.01093927,0,0,0,0,20.39,20.39,20.39,4507.24
2022/11/19,0,0.01093927,0.01093927,0,0,0,0,-1.51,-1.51,-1.51,4505.73
2022/11/20,2,0.01093927,-0.005689981,1992.18,0.8,0,35.62,-35.66,-0.04,-0.84,4504.89
2022/11/21,0,-0.005689981,-0.005689981,0,0,0,0,26.62,26.62,26.62,4531.51
2022/11/22,0,-0.005689981,-0.005689981,0,0,0,0,-2.83,-2.83,-2.83,4528.68
2022/11/23,2,-0.005689981,0.011755328,2029.52,0.81,0,-4.81,-14.69,-19.51,-20.32,4508.36
2022/11/24,0,0.011755328,0.011755328,0,0,0,0,40.05,40.05,40.05,4548.41
2022/11/25,0,0.011755328,0.011755328,0,0,0,0,-6.45,-6.45,-6.45,4541.96
2022/11/26,0,0.011755328,0.011755328,0,0,0,0,24.8,24.8,24.8,4566.76
2022/11/27,0,0.011755328,0.011755328,0,0,0,0,8.53,8.53,8.53,4575.29
2022/11/28,2,0.011755328,-0.004884161,1998.14,0.8,0,62.8,-64,-1.2,-2,4573.29
2022/11/29,2,-0.004884161,0.011958654,2004.31,0.8,0,30.7,-22.05,8.66,7.86,4581.15
2022/11/30,0,0.011958654,0.011958654,0,0,0,0,70.04,70.04,70.04,4651.19
2022/12/1,0,0.011958654,0.011958654,0,0,0,0,5.19,5.19,5.19,4656.38
2022/12/2,0,0.011958654,0.011958654,0,0,0,0,8.63,8.63,8.63,4665.01
2022/12/3,2,0.011958654,-0.00381459,1985.36,0.79,0,-18.61,-9.42,-28.04,-28.83,4636.18
2022/12/4,0,-0.00381459,-0.00381459,0,0,0,0,4.22,4.22,4.22,4640.4
2022/12/5,2,-0.00381459,0.011933689,2005.95,0.8,0,-12.77,-2.37,-15.14,-15.94,4624.46
2022/12/6,0,0.011933689,0.011933689,0,0,0,0,-14.15,-14.15,-14.15,4610.31
2022/12/7,2,0.011933689,-0.004129923,1985.88,0.79,0,4.93,-24.58,-19.65,-20.45,4589.86
2022/12/8,0,-0.004129923,-0.004129923,0,0,0,0,-6.56,-6.56,-6.56,4583.3
2022/12/9,2,-0.004129923,0.01175507,2005.42,0.8,0,23.24,-11.57,11.67,10.87,4594.17
2022/12/10,0,0.01175507,0.01175507,0,0,0,0,0.55,0.55,0.55,4594.72
2022/12/11,2,0.01175507,-0.004042344,1994.53,0.8,0,-16.46,-5.37,-21.83,-22.63,4572.09
2022/12/12,4,-0.004042344,-0.004281692,4001.78,1.6,0,-36.17,9.9,-26.27,-27.87,4544.22
2022/12/13,2,-0.004281692,0.01151435,2001.48,0.8,0,89.91,-32.32,57.59,56.79,4601.01
2022/12/14,0,0.01151435,0.01151435,0,0,0,0,16.47,16.47,16.47,4617.48
2022/12/15,2,0.01151435,-0.003340629,1952.45,0.78,0,65.9,-78.67,-12.77,-13.55,4603.93
2022/12/16,0,-0.003340629,-0.003340629,0,0,0,0,22.34,22.34,22.34,4626.27
2022/12/17,0,-0.003340629,-0.003340629,0,0,0,0,7.9,7.9,7.9,4634.17
2022/12/18,0,-0.003340629,-0.003340629,0,0,0,0,2.02,2.02,2.02,4636.19
2022/12/19,2,-0.003340629,0.01356097,2000.83,0.8,0,-8.1,-1.87,-9.97,-10.77,4625.42
2022/12/20,3,0.01356097,0.004898691,2991.9,1.2,0,-63.08,50.75,-12.33,-13.53,4611.89
2022/12/21,0,0.004898691,0.004898691,0,0,0,0,-0.59,-0.59,-0.59,4611.3
2022/12/22,2,0.004898691,-0.011690422,1992.15,0.8,0,24.44,-14.25,10.19,9.39,4620.69
2022/12/23,2,-0.011690422,0.005000864,2005.83,0.8,0,27.94,-37.77,-9.83,-10.63,4610.06
2022/12/24,0,0.005000864,0.005000864,0,0,0,0,0.07,0.07,0.07,4610.13
2022/12/25,2,0.005000864,-0.011434475,1994.95,0.8,0,5.75,-4.14,1.61,0.81,4610.94
2022/12/26,0,-0.011434475,-0.011434475,0,0,0,0,-4.94,-4.94,-4.94,4606
2022/12/27,2,-0.011434475,0.004862522,2002.02,0.8,0,-28.96,4.52,-24.44,-25.24,4580.76
2022/12/28,2,0.004862522,-0.011788188,1984.93,0.79,0,5.58,-10.67,-5.09,-5.88,4574.88
2022/12/29,2,-0.011788188,0.004881674,2002.58,0.8,0,-0.95,-14.15,-15.1,-15.9,4558.98
2022/12/30,2,0.004881674,-0.011948668,1990.14,0.8,0,-20.77,-2.9,-23.67,-24.46,4534.52
2022/12/31,2,-0.011948668,0.004675468,2002.53,0.8,0,-3.34,-9.28,-12.63,-13.43,4521.09
2023/1/1,2,0.004675468,-0.012102774,1998.88,0.8,0,-8.67,-2.83,-11.51,-12.31,4508.78
2023/1/2,2,-0.012102774,0.00454461,2002,0.8,0,26.49,-26.6,-0.12,-0.92,4507.86
2023/1/3,0,0.00454461,0.00454461,0,0,0,0,-3.23,-3.23,-3.23,4504.63
2023/1/4,0,0.00454461,0.00454461,0,0,0,0,20.22,20.22,20.22,4524.85
2023/1/5,0,0.00454461,0.00454461,0,0,0,0,-3.26,-3.26,-3.26,4521.59
2023/1/6,0,0.00454461,0.00454461,0,0,0,0,6.25,6.25,6.25,4527.84
2023/1/7,0,0.00454461,0.00454461,0,0,0,0,0.92,0.92,0.92,4528.76
2023/1/8,0,0.00454461,0.00454461,0,0,0,0,4.32,4.32,4.32,4533.08
2023/1/9,4,0.00454461,0.0043279,4001.61,1.6,0,-34.93,27.97,-6.95,-8.55,4524.53
2023/1/10,0,0.0043279,0.0043279,0,0,0,0,-0.72,-0.72,-0.72,4523.81
2023/1/11,0,0.0043279,0.0043279,0,0,0,0,-4.94,-4.94,-4.94,4518.87
2023/1/12,0,0.0043279,0.0043279,0,0,0,0,27.34,27.34,27.34,4546.21
2023/1/13,0,0.0043279,0.0043279,0,0,0,0,15.42,15.42,15.42,4561.63
2023/1/14,0,0.0043279,0.0043279,0,0,0,0,45.47,45.47,45.47,4607.1
2023/1/15,0,0.0043279,0.0043279,0,0,0,0,13.55,13.55,13.55,4620.65
2023/1/16,2,0.0043279,-0.008575243,1972.62,0.79,0,-27.96,-3.12,-31.08,-31.87,4588.78
2023/1/17,2,-0.008575243,0.004116643,2001.57,0.8,0,-7.2,-17.94,-25.14,-25.94,4562.84
2023/1/18,0,0.004116643,0.004116643,0,0,0,0,-8.76,-8.76,-8.76,4554.08
2023/1/19,0,0.004116643,0.004116643,0,0,0,0,-6.87,-6.87,-6.87,4547.21
2023/1/20,0,0.004116643,0.004116643,0,0,0,0,12.3,12.3,12.3,4559.51
2023/1/21,0,0.004116643,0.004116643,0,0,0,0,34.76,34.76,34.76,4594.27
2023/1/22,0,0.004116643,0.004116643,0,0,0,0,-4.86,-4.86,-4.86,4589.41
2023/1/23,2,0.004116643,-0.008235441,1971.31,0.79,0,-30.87,-6.17,-37.04,-37.83,4551.58
2023/1/24,0,-0.008235441,-0.008235441,0,0,0,0,0,0,0,4551.58
2023/1/25,0,-0.008235441,-0.008235441,0,0,0,0,63.78,63.78,63.78,4615.36
2023/1/26,2,-0.008235441,0.004407104,2008.46,0.8,0,0.95,-37.83,-36.88,-37.68,4577.68
2023/1/27,0,0.004407104,0.004407104,0,0,0,0,-6.68,-6.68,-6.68,4571
2023/1/28,0,0.004407104,0.004407104,0,0,0,0,1.64,1.64,1.64,4572.64
2023/1/29,0,0.004407104,0.004407104,0,0,0,0,14.54,14.54,14.54,4587.18
2023/1/30,2,0.004407104,-0.008298247,1991.13,0.8,0,-22.73,-11.42,-34.15,-34.95,4552.23
2023/1/31,0,-0.008298247,-0.008298247,0,0,0,0,-2.85,-2.85,-2.85,4549.38
2023/2/1,0,-0.008298247,-0.008298247,0,0,0,0,11.03,11.03,11.03,4560.41
2023/2/2,2,-0.008298247,0.004314957,2007.91,0.8,0,109.14,-85.67,23.47,22.67,4583.08
2023/2/3,0,0.004314957,0.004314957,0,0,0,0,-6.51,-6.51,-6.51,4576.57
2023/2/4,0,0.004314957,0.004314957,0,0,0,0,7.39,7.39,7.39,4583.96
2023/2/5,2,0.004314957,-0.007791581,1994.53,0.8,0,3.52,-15.5,-11.97,-12.77,4571.19
2023/2/6,0,-0.007791581,-0.007791581,0,0,0,0,-3.13,-3.13,-3.13,4568.06
2023/2/7,0,-0.007791581,-0.007791581,0,0,0,0,14.15,14.15,14.15,4582.21
2023/2/8,2,-0.007791581,0.00435584,2008.26,0.8,0,0.55,-18.12,-17.58,-18.38,4563.83
2023/2/9,2,0.00435584,-0.008062663,1997.53,0.8,0,-29.48,-9.34,-38.82,-39.62,4524.21
2023/2/10,0,-0.008062663,-0.008062663,0,0,0,0,89.25,89.25,89.25,4613.46
2023/2/11,0,-0.008062663,-0.008062663,0,0,0,0,-0.31,-0.31,-0.31,4613.15
2023/2/12,0,-0.008062663,-0.008062663,0,0,0,0,-10.76,-10.76,-10.76,4602.39
2023/2/13,0,-0.008062663,-0.008062663,0,0,0,0,48.46,48.46,48.46,4650.85
2023/2/14,2,-0.008062663,0.005204687,2002.12,0.8,0,46.63,-55.66,-9.02,-9.82,4641.03
2023/2/15,0,0.005204687,0.005204687,0,0,0,0,17.83,17.83,17.83,4658.86
2023/2/16,0,0.005204687,0.005204687,0,0,0,0,76.22,76.22,76.22,4735.08
2023/2/17,0,0.005204687,0.005204687,0,0,0,0,-26.93,-26.93,-26.93,4708.15
2023/2/18,0,0.005204687,0.005204687,0,0,0,0,11.52,11.52,11.52,4719.67
2023/2/19,0,0.005204687,0.005204687,0,0,0,0,8.62,8.62,8.62,4728.29
2023/2/20,2,0.005204687,-0.006662847,1998.9,0.8,0,-27.22,-2.39,-29.61,-30.41,4697.88
2023/2/21,0,-0.006662847,-0.006662847,0,0,0,0,23.62,23.62,23.62,4721.5
2023/2/22,0,-0.006662847,-0.006662847,0,0,0,0,39.4,39.4,39.4,4760.9
2023/2/23,2,-0.006662847,0.005510304,2003.42,0.8,0,11.35,-28.25,-16.91,-17.71,4743.19
2023/2/24,2,0.005510304,-0.006957514,1998.18,0.8,0,0.61,-29.16,-28.54,-29.34,4713.85
2023/2/25,0,-0.006957514,-0.006957514,0,0,0,0,4.05,4.05,4.05,4717.9
2023/2/26,0,-0.006957514,-0.006957514,0,0,0,0,-5.75,-5.75,-5.75,4712.15
2023/2/27,2,-0.006957514,0.005329914,2000.69,0.8,0,18.68,-27,-8.33,-9.13,4703.02
2023/2/28,0,0.005329914,0.005329914,0,0,0,0,-1.61,-1.61,-1.61,4701.41
2023/3/1,4,0.005329914,0.005057684,4000.97,1.6,0,-49.81,8.86,-40.95,-42.55,4658.86
2023/3/2,0,0.005057684,0.005057684,0,0,0,0,-14.96,-14.96,-14.96,4643.9
2023/3/3,2,0.005057684,-0.007452011,1990.92,0.8,0,31.82,-31.05,0.78,-0.02,4643.88
2023/3/4,0,-0.007452011,-0.007452011,0,0,0,0,3.61,3.61,3.61,4647.49
2023/3/5,2,-0.007452011,0.005282381,2003.91,0.8,0,-6.7,-5.33,-12.03,-12.83,4634.66
2023/3/6,0,0.005282381,0.005282381,0,0,0,0,4.62,4.62,4.62,4639.28
2023/3/7,2,0.005282381,-0.007534352,1998.33,0.8,0,-1.18,-9,-10.18,-10.97,4628.31
2023/3/8,0,-0.007534352,-0.007534352,0,0,0,0,0.44,0.44,0.44,4628.75
2023/3/9,0,-0.007534352,-0.007534352,0,0,0,0,19.9,19.9,19.9,4648.65
2023/3/10,0,-0.007534352,-0.007534352,0,0,0,0,87.9,87.9,87.9,4736.55
2023/3/11,0,-0.007534352,-0.007534352,0,0,0,0,-8.33,-8.33,-8.33,4728.22
2023/3/12,2,-0.007534352,0.006227905,2006.25,0.8,0,-3.85,-20.73,-24.59,-25.39,4702.83
2023/3/13,0,0.006227905,0.006227905,0,0,0,0,131.6,131.6,131.6,4834.43
2023/3/14,0,0.006227905,0.006227905,0,0,0,0,64.76,64.76,64.76,4899.19
2023/3/15,2,0.006227905,-0.005483,1980.82,0.79,0,66.74,-84.6,-17.86,-18.65,4880.54
2023/3/16,0,-0.005483,-0.005483,0,0,0,0,-15.17,-15.17,-15.17,4865.37
2023/3/17,2,-0.005483,0.006447968,2011.35,0.8,0,37.16,-30.08,7.09,6.28,4871.65
2023/3/18,0,0.006447968,0.006447968,0,0,0,0,44.34,44.34,44.34,4915.99
2023/3/19,0,0.006447968,0.006447968,0,0,0,0,4.55,4.55,4.55,4920.54
2023/3/20,2,0.006447968,-0.004956817,1996.61,0.8,0,-12.94,-19.83,-32.78,-33.58,4886.96
2023/3/21,2,-0.004956817,0.006141347,2003.35,0.8,0,7.09,-24.53,-17.43,-18.24,4868.72
2023/3/22,0,0.006141347,0.006141347,0,0,0,0,-3.84,-3.84,-3.84,4864.88
2023/3/23,3,0.006141347,0.000519649,2975.09,1.19,0,-65.7,19.76,-45.94,-47.13,4817.75
2023/3/24,2,0.000519649,-0.010716874,1962.84,0.79,0,-21.38,-3.72,-25.1,-25.89,4791.86
2023/3/25,0,-0.010716874,-0.010716874,0,0,0,0,13.03,13.03,13.03,4804.89
2023/3/26,2,-0.010716874,0.000642696,2012.28,0.8,0,-10.75,-8.86,-19.61,-20.41,4784.48
2023/3/27,2,0.000642696,-0.010994412,1989,0.8,0,-1.4,-3.32,-4.71,-5.51,4778.97
2023/3/28,2,-0.010994412,0.000451229,2002.66,0.8,0,-7.68,-35.85,-43.53,-44.33,4734.64
2023/3/29,0,0.000451229,0.000451229,0,0,0,0,2.89,2.89,2.89,4737.53
2023/3/30,0,0.000451229,0.000451229,0,0,0,0,-0.83,-0.83,-0.83,4736.7
2023/3/31,0,0.000451229,0.000451229,0,0,0,0,1.86,1.86,1.86,4738.56
2023/4/1,0,0.000451229,0.000451229,0,0,0,0,-0.46,-0.46,-0.46,4738.1
2023/4/2,2,0.000451229,-0.010606192,1991.19,0.8,0,4.59,-1.04,3.55,2.75,4740.85
2023/4/3,2,-0.010606192,0.000475123,2007.69,0.8,0,-17.46,0.64,-16.83,-17.63,4723.22
2023/4/4,0,0.000475123,0.000475123,0,0,0,0,3.14,3.14,3.14,4726.36
2023/4/5,0,0.000475123,0.000475123,0,0,0,0,1.64,1.64,1.64,4728
2023/4/6,0,0.000475123,0.000475123,0,0,0,0,-1.1,-1.1,-1.1,4726.9
2023/4/7,0,0.000475123,0.000475123,0,0,0,0,-0.67,-0.67,-0.67,4726.23
2023/4/8,0,0.000475123,0.000475123,0,0,0,0,0.33,0.33,0.33,4726.56
2023/4/9,2,0.000475123,-0.010324246,1996.72,0.8,0,14.11,-1.44,12.67,11.87,4738.43
2023/4/10,2,-0.010324246,0.00049563,2007.29,0.8,0,5.22,-24.94,-19.73,-20.53,4717.9
2023/4/11,0,0.00049563,0.00049563,0,0,0,0,2.62,2.62,2.62,4720.52
2023/4/12,2,0.00049563,-0.010179406,1989.56,0.8,0,-50.91,-0.07,-50.98,-51.78,4668.74
2023/4/13,2,-0.010179406,0.000180068,2014.38,0.81,0,54.23,-86.92,-32.69,-33.5,4635.24
2023/4/14,0,0.000180068,0.000180068,0,0,0,0,1.14,1.14,1.14,4636.38
2023/4/15,0,0.000180068,0.000180068,0,0,0,0,0.69,0.69,0.69,4637.07
2023/4/16,0,0.000180068,0.000180068,0,0,0,0,-0.08,-0.08,-0.08,4636.99
2023/4/17,2,0.000180068,-0.00941723,1986.62,0.79,0,-1.45,-0.4,-1.85,-2.64,4634.35
2023/4/18,2,-0.00941723,8.58E-05,2002.99,0.8,0,-11.63,-22.61,-34.24,-35.04,4599.31
2023/4/19,2,8.58E-05,-0.009618454,1987.54,0.8,0,63.79,-0.97,62.82,62.02,4661.33
2023/4/20,0,-0.009618454,-0.009618454,0,0,0,0,36.03,36.03,36.03,4697.36
2023/4/21,0,-0.009618454,-0.009618454,0,0,0,0,40.14,40.14,40.14,4737.5
2023/4/22,0,-0.009618454,-0.009618454,0,0,0,0,35.99,35.99,35.99,4773.49
2023/4/23,0,-0.009618454,-0.009618454,0,0,0,0,7.14,7.14,7.14,4780.63
2023/4/24,5,-0.009618454,-0.004475303,5002.59,2,0,-66.06,23.67,-42.39,-44.39,4736.24
2023/4/25,0,-0.004475303,-0.004475303,0,0,0,0,8.78,8.78,8.78,4745.02
2023/4/26,2,-0.004475303,0.006474781,2009.29,0.8,0,129.24,-62.14,67.1,66.3,4811.32
2023/4/27,2,0.006474781,-0.004204473,1987.48,0.79,0,-40.66,-34.86,-75.52,-76.31,4735.01
2023/4/28,0,-0.004204473,-0.004204473,0,0,0,0,5.51,5.51,5.51,4740.52
2023/4/29,2,-0.004204473,0.006284304,2005.35,0.8,0,-7.52,-7.86,-15.38,-16.18,4724.34
2023/4/30,3,0.006284304,0.00093192,3000.66,1.2,0,-37.19,8.92,-28.27,-29.47,4694.87
2023/5/1,2,0.00093192,-0.009678891,1998.63,0.8,0,53.57,-8,45.58,44.78,4739.65
2023/5/2,0,-0.009678891,-0.009678891,0,0,0,0,-23.96,-23.96,-23.96,4715.69
2023/5/3,0,-0.009678891,-0.009678891,0,0,0,0,5.47,5.47,5.47,4721.16
2023/5/4,2,-0.009678891,0.001034056,2001.78,0.8,0,20.57,-34.43,-13.86,-14.66,4706.5
